Rk,Player,Team,Pos,Comp,Att,Pct,Att/G,Yds,Avg,Yds/G,TD,Int,1st,1st%,Lng,20+,40+,Sck,Rate,YEAR
1,Philip Rivers,SD,QB,357,541,66.0,33.8,"4,710",8.7,294.4,30,13,234,43.3,59T,65,14,38,101.8,2010
2,Peyton Manning,IND,QB,450,679,66.3,42.4,"4,700",6.9,293.8,33,17,253,37.3,73T,43,9,16,91.9,2010
3,Drew Brees,NO,QB,448,658,68.1,41.1,"4,620",7.0,288.8,33,22,236,35.9,80T,47,10,25,90.9,2010
4,Matt Schaub,HOU,QB,365,574,63.6,35.9,"4,370",7.6,273.1,24,12,222,38.7,60,59,9,32,92.0,2010
5,Eli Manning,NYG,QB,339,539,62.9,33.7,"4,002",7.4,250.1,31,25,192,35.6,92T,57,7,16,85.3,2010
6,Carson Palmer,CIN,QB,362,586,61.8,36.6,"3,970",6.8,248.1,26,20,205,35.0,78T,45,9,26,82.4,2010
7,Aaron Rodgers,GB,QB,312,475,65.7,31.7,"3,922",8.3,261.5,28,11,183,38.5,86T,54,10,31,101.2,2010
8,Tom Brady,NE,QB,324,492,65.9,30.8,"3,900",7.9,243.8,36,4,189,38.4,79T,53,9,25,111.0,2010
9,Matt Ryan,ATL,QB,357,571,62.5,35.7,"3,705",6.5,231.6,28,9,199,34.9,46,32,6,23,91.0,2010
10,Kyle Orton,DEN,QB,293,498,58.8,38.3,"3,653",7.3,281.0,20,9,173,34.7,71,52,11,34,87.5,2010
11,Joe Flacco,BAL,QB,306,489,62.6,30.6,"3,622",7.4,226.4,25,10,174,35.6,67,40,7,40,93.6,2010
12,Sam Bradford,STL,QB,354,590,60.0,36.9,"3,512",6.0,219.5,18,15,179,30.3,49,36,4,34,76.5,2010
13,Josh Freeman,TB,QB,291,474,61.4,29.6,"3,451",7.3,215.7,25,6,166,35.0,64,48,10,28,95.9,2010
14,Donovan McNabb,WAS,QB,275,472,58.3,36.3,"3,377",7.2,259.8,14,15,152,32.2,76,41,11,37,77.1,2010
15,Chad Henne,MIA,QB,301,490,61.4,32.7,"3,301",6.7,220.1,15,19,168,34.3,57T,37,4,30,75.4,2010
16,Mark Sanchez,NYJ,QB,278,507,54.8,31.7,"3,291",6.5,205.7,17,13,162,32.0,74T,43,10,27,75.3,2010
17,Jay Cutler,CHI,QB,261,432,60.4,28.8,"3,274",7.6,218.3,23,16,159,36.8,89T,41,6,52,86.3,2010
18,Ben Roethlisberger,PIT,QB,240,389,61.7,32.4,"3,200",8.2,266.7,17,5,149,38.3,56T,52,8,32,97.0,2010
19,Matt Cassel,KC,QB,262,450,58.2,30.0,"3,116",6.9,207.7,27,7,163,36.2,75T,40,4,26,93.0,2010
20,Mike Vick,PHI,QB,233,372,62.6,31.0,"3,018",8.1,251.5,21,6,131,35.2,91T,48,12,34,100.2,2010
21,Matt Hasselbeck,SEA,QB,266,444,59.9,31.7,"3,001",6.8,214.4,12,17,136,30.6,87T,33,10,29,73.2,2010
22,Ryan Fitzpatrick,BUF,QB,255,441,57.8,33.9,"3,000",6.8,230.8,23,15,151,34.2,65T,39,8,24,81.8,2010
23,David Garrard,JAC,QB,236,366,64.5,26.1,"2,734",7.5,195.3,23,15,130,35.5,75,39,5,33,90.8,2010
24,Shaun Hill,DET,QB,257,416,61.8,37.8,"2,686",6.5,244.2,16,12,133,32.0,75T,32,3,17,81.3,2010
25,Brett Favre,MIN,QB,217,358,60.6,27.5,"2,509",7.0,193.0,11,19,114,31.8,53T,38,1,22,69.9,2010
26,Jason Campbell,OAK,QB,194,329,59.0,25.3,"2,387",7.3,183.6,13,8,108,32.8,73T,29,8,33,84.5,2010
27,Alex Smith,SF,QB,204,342,59.6,31.1,"2,370",6.9,215.5,14,10,103,30.1,62T,30,7,25,82.1,2010
28,Jon Kitna,DAL,QB,209,318,65.7,31.8,"2,365",7.4,236.5,16,12,117,36.8,71T,32,6,21,88.9,2010
29,Derek Anderson,ARI,QB,169,327,51.7,27.2,"2,065",6.3,172.1,7,10,97,29.7,43,32,1,25,65.9,2010
30,Kerry Collins,TEN,QB,160,278,57.6,27.8,"1,823",6.6,182.3,14,8,90,32.4,80T,23,4,13,82.2,2010
31,Tony Romo,DAL,QB,148,213,69.5,35.5,"1,605",7.5,267.5,11,7,75,35.2,69T,21,2,7,94.9,2010
32,Colt McCoy,CLE,QB,135,222,60.8,27.8,"1,576",7.1,197.0,6,9,79,35.6,47,23,2,23,74.5,2010
33,Jimmy Clausen,CAR,QB,157,299,52.5,23.0,"1,558",5.2,119.8,3,9,73,24.4,55T,16,2,33,58.4,2010
34,Vince Young,TEN,QB,93,156,59.6,17.3,"1,255",8.0,139.4,10,3,58,37.2,71T,19,3,13,98.6,2010
35,Kevin Kolb,PHI,QB,115,189,60.8,27.0,"1,197",6.3,171.0,7,7,58,30.7,83T,13,3,15,76.1,2010
36,Troy Smith,SF,QB,73,145,50.3,24.2,"1,176",8.1,196.0,5,4,43,29.7,66T,22,3,18,77.8,2010
37,Bruce Gradkowski,OAK,QB,83,157,52.9,26.2,"1,059",6.7,176.5,5,7,50,31.8,70,15,4,10,66.3,2010
38,Rex Grossman,WAS,QB,74,133,55.6,33.2,884,6.6,221.0,7,4,42,31.6,64T,10,2,9,81.2,2010
39,Jake Delhomme,CLE,QB,93,149,62.4,29.8,872,5.9,174.4,2,7,36,24.2,49,11,2,6,63.4,2010
40,Matt Moore,CAR,QB,79,143,55.2,23.8,857,6.0,142.8,5,10,47,32.9,39,11,0,13,55.6,2010
41,Drew Stanton,DET,QB,69,119,58.0,19.8,780,6.6,130.0,4,3,39,32.8,87T,7,3,6,78.4,2010
42,Seneca Wallace,CLE,QB,64,101,63.4,12.6,694,6.9,86.8,4,2,35,34.7,65T,7,2,6,88.5,2010
43,John Skelton,ARI,QB,60,126,47.6,25.2,662,5.3,132.4,2,2,30,23.8,74T,8,2,9,62.3,2010
44,Tim Tebow,DEN,QB,41,82,50.0,9.1,654,8.0,72.7,5,3,31,37.8,50,10,2,6,82.1,2010
45,Matthew Stafford,DET,QB,57,96,59.4,32.0,535,5.6,178.3,6,1,27,28.1,36,4,0,4,91.3,2010
46,Charlie Whitehurst,SEA,QB,57,99,57.6,16.5,507,5.1,84.5,2,3,22,22.2,61,5,1,5,65.5,2010
47,Joe Webb,MIN,QB,54,89,60.7,17.8,477,5.4,95.4,0,3,27,30.3,46,4,1,8,60.9,2010
48,Tyler Thigpen,MIA,QB,33,62,53.2,12.4,435,7.0,87.0,2,2,20,32.3,35,7,0,8,73.0,2010
49,Matt Flynn,GB,QB,40,66,60.6,9.4,433,6.6,61.9,3,2,21,31.8,66T,3,1,7,82.4,2010
50,Max Hall,ARI,QB,39,78,50.0,13.0,370,4.7,61.7,1,6,19,24.4,26,3,0,14,35.7,2010
1,Drew Brees,NO,QB,468,657,71.2,41.1,"5,476",8.3,342.2,46,14,278,42.3,79T,69,11,24,110.6,2011
2,Tom Brady,NE,QB,401,611,65.6,38.2,"5,235",8.6,327.2,39,12,261,42.7,99T,71,14,32,105.6,2011
3,Matthew Stafford,DET,QB,421,663,63.5,41.4,"5,038",7.6,314.9,41,16,243,36.7,73T,64,16,36,97.2,2011
4,Eli Manning,NYG,QB,359,589,61.0,36.8,"4,933",8.4,308.3,29,16,216,36.7,99T,67,18,28,92.9,2011
5,Aaron Rodgers,GB,QB,343,502,68.3,33.5,"4,643",9.2,309.5,45,6,208,41.4,93T,64,13,36,122.5,2011
6,Philip Rivers,SD,QB,366,582,62.9,36.4,"4,624",7.9,289.0,27,20,234,40.2,58,69,8,30,88.7,2011
7,Tony Romo,DAL,QB,346,522,66.3,32.6,"4,184",8.0,261.5,31,10,203,38.9,77,56,11,36,102.5,2011
8,Matt Ryan,ATL,QB,347,566,61.3,35.4,"4,177",7.4,261.1,29,12,205,36.2,80T,55,10,26,92.2,2011
9,Ben Roethlisberger,PIT,QB,324,513,63.2,34.2,"4,077",7.9,271.8,21,14,210,40.9,95T,56,9,40,90.1,2011
10,Cam Newton,CAR,QB,310,517,60.0,32.3,"4,051",7.8,253.2,21,17,173,33.5,91T,65,9,35,84.5,2011
11,Ryan Fitzpatrick,BUF,QB,353,569,62.0,35.6,"3,832",6.7,239.5,24,23,178,31.3,60T,48,8,22,79.1,2011
12,Joe Flacco,BAL,QB,312,542,57.6,33.9,"3,610",6.7,225.6,20,12,179,33.0,74T,44,7,31,80.9,2011
13,Josh Freeman,TB,QB,346,551,62.8,36.7,"3,592",6.5,239.5,16,22,168,30.5,65T,33,5,29,74.6,2011
14,Matt Hasselbeck,TEN,QB,319,518,61.6,32.4,"3,571",6.9,223.2,18,14,163,31.5,80T,43,10,19,82.4,2011
15,Mark Sanchez,NYJ,QB,308,543,56.7,33.9,"3,474",6.4,217.1,26,18,171,31.5,74,39,2,39,78.2,2011
16,Andy Dalton,CIN,QB,300,516,58.1,32.2,"3,398",6.6,212.4,20,13,156,30.2,84,48,10,24,80.4,2011
17,Mike Vick,PHI,QB,253,423,59.8,32.5,"3,303",7.8,254.1,18,14,155,36.6,73,50,6,23,84.9,2011
18,Rex Grossman,WAS,QB,265,458,57.9,35.2,"3,151",6.9,242.4,16,20,159,34.7,51,48,6,25,72.4,2011
19,Alex Smith,SF,QB,273,445,61.3,27.8,"3,144",7.1,196.5,17,5,147,33.0,56T,41,6,44,90.7,2011
20,Tarvaris Jackson,SEA,QB,271,450,60.2,30.0,"3,091",6.9,206.1,14,13,138,30.7,61T,45,8,42,79.2,2011
21,Carson Palmer,OAK,QB,199,328,60.7,32.8,"2,753",8.4,275.3,13,16,122,37.2,78,43,11,17,80.5,2011
22,Colt McCoy,CLE,QB,265,463,57.2,35.6,"2,733",5.9,210.2,14,11,144,31.1,56,26,5,32,74.6,2011
23,Matt Moore,MIA,QB,210,347,60.5,26.7,"2,497",7.2,192.1,16,9,122,35.2,65T,38,6,36,87.1,2011
24,Matt Schaub,HOU,QB,178,292,61.0,29.2,"2,479",8.5,247.9,15,6,118,40.4,80T,37,9,16,96.8,2011
25,Jay Cutler,CHI,QB,182,314,58.0,31.4,"2,319",7.4,231.9,13,7,106,33.8,56T,32,5,23,85.7,2011
26,Blaine Gabbert,JAC,QB,210,413,50.8,27.5,"2,214",5.4,147.6,12,11,109,26.4,74T,25,4,40,65.4,2011
27,Sam Bradford,STL,QB,191,357,53.5,35.7,"2,164",6.1,216.4,6,6,104,29.1,68,25,3,36,70.5,2011
28,Kevin Kolb,ARI,QB,146,253,57.7,28.1,"1,955",7.7,217.2,9,8,88,34.8,73T,23,8,30,81.1,2011
29,John Skelton,ARI,QB,151,275,54.9,34.4,"1,913",7.0,239.1,11,14,82,29.8,60T,31,7,23,68.9,2011
30,Christian Ponder,MIN,QB,158,291,54.3,26.5,"1,853",6.4,168.5,13,13,91,31.3,72,23,4,30,70.1,2011
31,Tim Tebow,DEN,QB,126,271,46.5,19.4,"1,729",6.4,123.5,12,6,76,28.0,56T,25,6,33,72.9,2011
32,Matt Cassel,KC,QB,160,269,59.5,29.9,"1,713",6.4,190.3,10,9,83,30.9,52T,21,5,22,76.6,2011
33,Curtis Painter,IND,QB,132,243,54.3,27.0,"1,541",6.3,171.2,6,9,71,29.2,87T,19,5,16,66.6,2011
34,Dan Orlovsky,IND,QB,122,193,63.2,24.1,"1,201",6.2,150.1,6,4,70,36.3,40,8,1,14,82.4,2011
35,Jason Campbell,OAK,QB,100,165,60.6,27.5,"1,170",7.1,195.0,6,4,56,33.9,58,17,3,5,84.2,2011
36,Donovan McNabb,MIN,QB,94,156,60.3,26.0,"1,026",6.6,171.0,4,2,52,33.3,60,14,3,16,82.9,2011
37,T.J. Yates,HOU,QB,82,134,61.2,22.3,949,7.1,158.2,3,3,48,35.8,50,12,1,15,80.7,2011
38,Chad Henne,MIA,QB,64,112,57.1,28.0,868,7.8,217.0,4,4,41,36.6,41,16,1,11,79.0,2011
39,Vince Young,PHI,QB,66,114,57.9,19.0,866,7.6,144.3,4,9,39,34.2,58,13,3,8,60.8,2011
40,John Beck,WAS,QB,80,132,60.6,33.0,858,6.5,214.5,2,4,44,33.3,32,8,0,16,72.1,2011
41,Tyler Palko,KC,QB,80,134,59.7,22.3,796,5.9,132.7,2,7,40,29.9,38T,10,0,11,59.8,2011
42,Kyle Orton,KC,QB,59,97,60.8,24.2,779,8.0,194.8,1,2,40,41.2,49,8,2,1,81.1,2011
43,Caleb Hanie,CHI,QB,51,102,50.0,17.0,613,6.0,102.2,3,9,29,28.4,81,6,1,19,41.8,2011
44,Seneca Wallace,CLE,QB,55,107,51.4,17.8,567,5.3,94.5,2,2,29,27.1,76T,6,1,6,65.4,2011
45,A.J. Feeley,STL,QB,53,97,54.6,19.4,548,5.6,109.6,1,2,27,27.8,34,5,0,10,66.0,2011
46,Kellen Clemens,STL,QB,48,91,52.7,30.3,546,6.0,182.0,2,1,28,30.8,36T,7,0,9,73.8,2011
47,Jake Locker,TEN,QB,34,66,51.5,13.2,542,8.2,108.4,4,0,22,33.3,54,8,4,5,99.4,2011
48,Matt Flynn,GB,QB,33,49,67.3,9.8,518,10.6,103.6,6,2,22,44.9,80T,6,3,5,124.8,2011
49,Kerry Collins,IND,QB,48,98,49.0,32.7,481,4.9,160.3,2,1,29,29.6,36,5,0,5,65.9,2011
50,Josh McCown,CHI,QB,35,55,63.6,18.3,414,7.5,138.0,2,4,18,32.7,49,5,1,7,68.3,2011
1,Drew Brees,NO,QB,422,670,63.0,41.9,"5,177",7.7,323.6,43,19,266,39.7,80T,66,13,26,96.3,2012
2,Matthew Stafford,DET,QB,435,727,59.8,45.4,"4,967",6.8,310.4,20,17,264,36.3,57,63,9,29,79.8,2012
3,Tony Romo,DAL,QB,425,648,65.6,40.5,"4,903",7.6,306.4,28,19,231,35.6,85T,54,9,36,90.5,2012
4,Tom Brady,NE,QB,401,637,63.0,39.8,"4,827",7.6,301.7,34,8,255,40.0,83T,57,8,27,98.7,2012
5,Matt Ryan,ATL,QB,422,615,68.6,38.4,"4,719",7.7,294.9,32,14,246,40.0,80T,46,10,28,99.1,2012
6,Peyton Manning,DEN,QB,400,583,68.6,36.4,"4,659",8.0,291.2,37,11,230,39.5,71T,64,7,21,105.8,2012
7,Andrew Luck,IND,QB,339,627,54.1,39.2,"4,374",7.0,273.4,23,18,208,33.2,70T,65,11,41,76.5,2012
8,Aaron Rodgers,GB,QB,371,552,67.2,34.5,"4,295",7.8,268.4,39,8,211,38.2,73,54,9,51,108.0,2012
9,Josh Freeman,TB,QB,306,558,54.8,34.9,"4,065",7.3,254.1,27,17,185,33.2,95,55,16,26,81.6,2012
10,Carson Palmer,OAK,QB,345,565,61.1,37.7,"4,018",7.1,267.9,22,14,184,32.6,64T,49,10,26,85.3,2012
11,Matt Schaub,HOU,QB,350,544,64.3,34.0,"4,008",7.4,250.5,22,12,202,37.1,60T,46,8,27,90.7,2012
12,Eli Manning,NYG,QB,321,536,59.9,33.5,"3,948",7.4,246.8,26,15,186,34.7,80T,50,10,19,87.2,2012
13,Cam Newton,CAR,QB,280,485,57.7,30.3,"3,869",8.0,241.8,19,12,168,34.6,82,57,11,36,86.2,2012
14,Joe Flacco,BAL,QB,317,531,59.7,33.2,"3,817",7.2,238.6,22,10,174,32.8,61T,60,12,35,87.7,2012
15,Sam Bradford,STL,QB,328,551,59.5,34.4,"3,702",6.7,231.4,21,13,185,33.6,80T,41,8,35,82.6,2012
16,Andy Dalton,CIN,QB,329,528,62.3,33.0,"3,669",6.9,229.3,27,16,171,32.4,59T,37,12,46,87.4,2012
17,Philip Rivers,SD,QB,338,527,64.1,32.9,"3,606",6.8,225.4,26,15,184,34.9,80T,41,3,49,88.6,2012
18,Ryan Fitzpatrick,BUF,QB,306,505,60.6,31.6,"3,400",6.7,212.5,24,16,174,34.5,68T,44,7,30,83.3,2012
19,Brandon Weeden,CLE,QB,297,517,57.4,34.5,"3,385",6.5,225.7,14,17,168,32.5,71T,48,6,28,72.6,2012
20,Ryan Tannehill,MIA,QB,282,484,58.3,30.2,"3,294",6.8,205.9,12,13,151,31.2,80T,40,3,35,76.1,2012
21,Ben Roethlisberger,PIT,QB,284,449,63.3,34.5,"3,265",7.3,251.2,26,8,167,37.2,82T,39,6,30,97.0,2012
22,Robert Griffin III,WAS,QB,258,393,65.6,26.2,"3,200",8.1,213.3,20,5,151,38.4,88T,47,6,30,102.4,2012
23,Russell Wilson,SEA,QB,252,393,64.1,24.6,"3,118",7.9,194.9,26,10,149,37.9,67,42,11,33,100.0,2012
24,Jay Cutler,CHI,QB,255,434,58.8,28.9,"3,033",7.0,202.2,19,14,153,35.3,60T,38,5,38,81.3,2012
25,Christian Ponder,MIN,QB,300,483,62.1,30.2,"2,935",6.1,183.4,18,12,163,33.7,65,28,3,32,81.2,2012
26,Mark Sanchez,NYJ,QB,246,453,54.3,30.2,"2,883",6.4,192.2,13,18,146,32.2,66,36,5,34,66.9,2012
27,Mike Vick,PHI,QB,204,351,58.1,35.1,"2,362",6.7,236.2,12,10,114,32.5,77T,27,4,28,78.1,2012
28,Jake Locker,TEN,QB,177,314,56.4,28.5,"2,176",6.9,197.8,10,11,93,29.6,71T,29,7,25,74.0,2012
29,Chad Henne,JAC,QB,166,308,53.9,30.8,"2,084",6.8,208.4,11,11,85,27.6,81T,30,5,28,72.2,2012
30,Colin Kaepernick,SF,QB,136,218,62.4,16.8,"1,814",8.3,139.5,10,3,85,39.0,57,32,4,16,98.3,2012
31,Matt Cassel,KC,QB,161,277,58.1,30.8,"1,796",6.5,199.6,6,12,96,34.7,46,24,1,19,66.7,2012
32,Alex Smith,SF,QB,153,218,70.2,21.8,"1,737",8.0,173.7,13,5,87,39.9,55,22,4,24,104.1,2012
33,Nick Foles,PHI,QB,161,265,60.8,37.9,"1,699",6.4,242.7,6,5,76,28.7,46,24,2,20,79.1,2012
34,Blaine Gabbert,JAC,QB,162,278,58.3,27.8,"1,662",6.0,166.2,9,6,72,25.9,80T,18,3,22,77.4,2012
35,Matt Hasselbeck,TEN,QB,138,221,62.4,27.6,"1,367",6.2,170.9,7,5,71,32.1,37,13,0,14,81.0,2012
36,Kevin Kolb,ARI,QB,109,183,59.6,30.5,"1,169",6.4,194.8,8,3,62,33.9,46T,13,1,27,86.1,2012
37,Brady Quinn,KC,QB,112,197,56.9,19.7,"1,141",5.8,114.1,2,8,48,24.4,57,12,2,21,60.1,2012
38,John Skelton,ARI,QB,109,201,54.2,28.7,"1,132",5.6,161.7,2,9,55,27.4,40,13,1,15,55.4,2012
39,Ryan Lindley,ARI,QB,89,171,52.0,28.5,752,4.4,125.3,0,7,38,22.2,28,6,0,12,46.7,2012
40,Charlie Batch,PIT,QB,45,70,64.3,35.0,475,6.8,237.5,1,4,22,31.4,43,5,1,3,64.9,2012
41,Kirk Cousins,WAS,QB,33,48,68.8,16.0,466,9.7,155.3,4,3,20,41.7,77T,6,2,3,101.6,2012
42,Brian Hoyer,ARI,QB,30,53,56.6,26.5,330,6.2,165.0,1,2,13,24.5,53,4,1,4,65.8,2012
43,Byron Leftwich,PIT,QB,25,53,47.2,26.5,272,5.1,136.0,0,1,13,24.5,37,5,0,3,54.9,2012
44,Jason Campbell,CHI,QB,32,51,62.7,8.5,265,5.2,44.2,2,2,10,19.6,45,1,1,6,72.8,2012
45,Greg McElroy,NYJ,QB,19,31,61.3,15.5,214,6.9,107.0,1,1,13,41.9,30,2,0,11,79.2,2012
46,Thad Lewis,CLE,QB,22,32,68.8,32.0,204,6.4,204.0,1,1,12,37.5,23,1,0,3,83.3,2012
47,Tyrod Taylor,BAL,QB,17,29,58.6,4.1,179,6.2,25.6,0,1,8,27.6,25,2,0,3,62.3,2012
48,Shaun Hill,DET,QB,10,13,76.9,13.0,172,13.2,172.0,2,0,8,61.5,46T,4,1,0,157.9,2012
49,Terrelle Pryor,OAK,QB,14,30,46.7,10.0,155,5.2,51.7,2,1,9,30.0,38,2,0,0,70.8,2012
50,Matt Moore,MIA,QB,11,19,57.9,9.5,131,6.9,65.5,1,0,7,36.8,37,2,0,2,96.6,2012
1,Peyton Manning,DEN,QB,450,659,68.3,41.2,"5,477",8.3,342.3,55,10,289,43.9,78T,68,13,18,115.1,2013
2,Drew Brees,NO,QB,446,650,68.6,40.6,"5,162",7.9,322.6,39,12,244,37.5,76T,67,15,37,104.7,2013
3,Matthew Stafford,DET,QB,371,634,58.5,39.6,"4,650",7.3,290.6,29,19,221,34.9,87,62,10,23,84.2,2013
4,Matt Ryan,ATL,QB,439,651,67.4,40.7,"4,515",6.9,282.2,26,17,225,34.6,81T,44,9,44,89.6,2013
5,Philip Rivers,SD,QB,378,544,69.5,34.0,"4,478",8.2,279.9,32,11,230,42.3,60T,60,6,30,105.5,2013
6,Tom Brady,NE,QB,380,628,60.5,39.2,"4,343",6.9,271.4,25,11,225,35.8,81T,49,8,40,87.3,2013
7,Andy Dalton,CIN,QB,363,586,61.9,36.6,"4,293",7.3,268.3,33,20,204,34.8,82T,56,15,29,88.8,2013
8,Carson Palmer,ARI,QB,362,572,63.3,35.8,"4,274",7.5,267.1,24,22,204,35.7,91T,49,9,41,83.9,2013
9,Ben Roethlisberger,PIT,QB,375,584,64.2,36.5,"4,261",7.3,266.3,28,14,205,35.1,67,60,10,42,92.0,2013
10,Ryan Tannehill,MIA,QB,355,588,60.4,36.8,"3,913",6.7,244.6,24,17,204,34.7,67,46,10,58,81.7,2013
11,Joe Flacco,BAL,QB,362,614,59.0,38.4,"3,912",6.4,244.5,19,22,189,30.8,74,45,14,48,73.1,2013
12,Tony Romo,DAL,QB,342,535,63.9,35.7,"3,828",7.2,255.2,31,10,194,36.3,82T,44,7,35,96.7,2013
13,Andrew Luck,IND,QB,343,570,60.2,35.6,"3,822",6.7,238.9,23,9,185,32.5,73T,43,9,32,87.0,2013
14,Eli Manning,NYG,QB,317,551,57.5,34.4,"3,818",6.9,238.6,18,27,174,31.6,70T,54,7,39,69.4,2013
15,Cam Newton,CAR,QB,292,473,61.7,29.6,"3,379",7.1,211.2,24,13,169,35.7,79T,33,7,43,88.8,2013
16,Russell Wilson,SEA,QB,257,407,63.1,25.4,"3,357",8.2,209.8,26,9,153,37.6,80T,49,10,44,101.2,2013
17,Alex Smith,KC,QB,308,508,60.6,33.9,"3,313",6.5,220.9,23,7,165,32.5,71T,42,6,39,89.1,2013
18,Chad Henne,JAC,QB,305,503,60.6,33.5,"3,241",6.4,216.1,13,14,151,30.0,62T,37,5,38,76.5,2013
19,Robert Griffin III,WAS,QB,274,456,60.1,35.1,"3,203",7.0,246.4,16,12,157,34.4,62T,32,4,38,82.2,2013
20,Colin Kaepernick,SF,QB,243,416,58.4,26.0,"3,197",7.7,199.8,21,8,147,35.3,64T,46,10,39,91.6,2013
21,Geno Smith,NYJ,QB,247,443,55.8,27.7,"3,046",6.9,190.4,12,21,143,32.3,69T,43,6,43,66.5,2013
22,Nick Foles,PHI,QB,203,317,64.0,24.4,"2,891",9.1,222.4,27,2,129,40.7,63T,52,13,28,119.2,2013
23,Jay Cutler,CHI,QB,224,355,63.1,32.3,"2,621",7.4,238.3,19,12,125,35.2,67,32,8,19,89.2,2013
24,Mike Glennon,TB,QB,247,416,59.4,32.0,"2,608",6.3,200.6,19,9,126,30.3,85T,28,7,40,83.9,2013
25,Aaron Rodgers,GB,QB,193,290,66.6,32.2,"2,536",8.7,281.8,17,6,108,37.2,83T,35,7,21,104.9,2013
26,Ryan Fitzpatrick,TEN,QB,217,350,62.0,31.8,"2,454",7.0,223.1,14,12,116,33.1,77T,32,7,21,82.0,2013
27,Matt Schaub,HOU,QB,219,358,61.2,35.8,"2,310",6.5,231.0,10,14,115,32.1,46,26,3,21,73.0,2013
28,Jason Campbell,CLE,QB,180,317,56.8,35.2,"2,015",6.4,223.9,11,8,86,27.1,80T,25,7,16,76.9,2013
29,EJ Manuel,BUF,QB,180,306,58.8,30.6,"1,972",6.4,197.2,11,9,86,28.1,45,28,4,28,77.7,2013
30,Josh McCown,CHI,QB,149,224,66.5,28.0,"1,829",8.2,228.6,13,1,90,40.2,80T,21,3,11,109.0,2013
31,Matt Cassel,MIN,QB,153,254,60.2,28.2,"1,807",7.1,200.8,11,9,80,31.5,79T,26,5,16,81.6,2013
32,Terrelle Pryor,OAK,QB,156,272,57.4,24.7,"1,798",6.6,163.5,7,11,85,31.3,73T,16,4,31,69.1,2013
33,Case Keenum,HOU,QB,137,253,54.2,31.6,"1,760",7.0,220.0,9,6,76,30.0,66,26,6,19,78.2,2013
34,Brandon Weeden,CLE,QB,141,267,52.8,33.4,"1,731",6.5,216.4,9,9,80,30.0,95T,21,6,27,70.3,2013
35,Sam Bradford,STL,QB,159,262,60.7,37.4,"1,687",6.4,241.0,14,4,85,32.4,73,19,3,15,90.9,2013
36,Kellen Clemens,STL,QB,142,242,58.7,24.2,"1,673",6.9,167.3,8,7,80,33.1,81T,22,2,21,78.8,2013
37,Christian Ponder,MIN,QB,152,239,63.6,26.6,"1,648",6.9,183.1,7,9,83,34.7,47,26,2,27,77.9,2013
38,Matt McGloin,OAK,QB,118,211,55.9,30.1,"1,547",7.3,221.0,8,8,69,32.7,52,29,4,6,76.1,2013
39,Jake Locker,TEN,QB,111,183,60.7,26.1,"1,256",6.9,179.4,8,4,56,30.6,66T,16,3,16,86.7,2013
40,Mike Vick,PHI,QB,77,141,54.6,20.1,"1,215",8.6,173.6,5,3,51,36.2,70,25,5,15,86.5,2013
41,Matt Flynn,GB,QB,102,166,61.4,33.2,"1,146",6.9,229.2,7,4,57,34.3,56,17,2,17,86.1,2013
42,Thad Lewis,BUF,QB,93,157,59.2,26.2,"1,092",7.0,182.0,4,3,48,30.6,57,15,4,18,81.0,2013
43,Kirk Cousins,WAS,QB,81,155,52.3,31.0,854,5.5,170.8,4,7,41,26.5,62,7,2,5,58.4,2013
44,Scott Tolzien,GB,QB,55,90,61.1,30.0,717,8.0,239.0,1,5,29,32.2,52,13,2,3,66.8,2013
45,Brian Hoyer,CLE,QB,57,96,59.4,32.0,615,6.4,205.0,5,3,33,34.4,47T,6,1,6,82.6,2013
46,Blaine Gabbert,JAC,QB,42,86,48.8,28.7,481,5.6,160.3,1,7,23,26.7,67T,6,1,12,36.0,2013
47,Kyle Orton,DAL,QB,33,51,64.7,17.0,398,7.8,132.7,2,2,19,37.3,39,4,0,0,85.3,2013
48,Jeff Tuel,BUF,QB,26,59,44.1,29.5,309,5.2,154.5,1,3,15,25.4,59T,3,1,2,45.1,2013
49,Matt Barkley,PHI,QB,30,49,61.2,16.3,300,6.1,100.0,0,4,17,34.7,26,3,0,3,44.6,2013
50,Chase Daniel,KC,QB,25,38,65.8,7.6,248,6.5,49.6,1,1,14,36.8,48,3,1,2,81.9,2013
1,Drew Brees,NO,QB,456,659,69.2,41.2,"4,952",7.5,309.5,33,17,258,39.2,69T,52,10,29,97.0,2014
1,Ben Roethlisberger,PIT,QB,408,608,67.1,38.0,"4,952",8.1,309.5,32,9,240,39.5,94T,55,15,33,103.3,2014
3,Andrew Luck,IND,QB,380,616,61.7,38.5,"4,761",7.7,297.6,40,16,234,38.0,80,73,15,27,96.5,2014
4,Peyton Manning,DEN,QB,395,597,66.2,37.3,"4,727",7.9,295.4,39,15,225,37.7,86T,66,11,17,101.5,2014
5,Matt Ryan,ATL,QB,415,628,66.1,39.2,"4,694",7.5,293.4,28,14,230,36.6,79,60,8,31,93.9,2014
6,Eli Manning,NYG,QB,379,601,63.1,37.6,"4,410",7.3,275.6,30,14,216,35.9,80T,52,10,28,92.1,2014
7,Aaron Rodgers,GB,QB,341,520,65.6,32.5,"4,381",8.4,273.8,38,5,219,42.1,80T,59,15,28,112.2,2014
8,Philip Rivers,SD,QB,379,570,66.5,35.6,"4,286",7.5,267.9,31,18,213,37.4,59,57,9,36,93.8,2014
9,Matthew Stafford,DET,QB,363,602,60.3,37.6,"4,257",7.1,266.1,22,12,209,34.7,73T,53,11,45,85.7,2014
10,Tom Brady,NE,QB,373,582,64.1,36.4,"4,109",7.1,256.8,33,9,220,37.8,69T,44,8,21,97.4,2014
11,Ryan Tannehill,MIA,QB,392,590,66.4,36.9,"4,045",6.9,252.8,27,12,224,38.0,50,41,4,46,92.8,2014
12,Joe Flacco,BAL,QB,344,554,62.1,34.6,"3,986",7.2,249.1,27,12,194,35.0,80T,50,7,19,91.0,2014
13,Jay Cutler,CHI,QB,370,561,66.0,37.4,"3,812",6.8,254.1,28,18,181,32.3,74,39,8,38,88.6,2014
14,Tony Romo,DAL,QB,304,435,69.9,29.0,"3,705",8.5,247.0,34,9,189,43.4,68T,49,10,29,113.2,2014
15,Russell Wilson,SEA,QB,285,452,63.1,28.2,"3,475",7.7,217.2,20,7,159,35.2,80T,54,8,42,95.0,2014
16,Andy Dalton,CIN,QB,309,481,64.2,30.1,"3,398",7.1,212.4,19,17,158,32.8,81T,33,7,21,83.5,2014
17,Colin Kaepernick,SF,QB,289,478,60.5,29.9,"3,369",7.0,210.6,19,10,163,34.1,80T,48,5,52,86.4,2014
18,Brian Hoyer,CLE,QB,242,438,55.3,31.3,"3,326",7.6,237.6,12,13,163,37.2,81T,51,10,24,76.5,2014
19,Derek Carr,OAK,QB,348,599,58.1,37.4,"3,270",5.5,204.4,21,12,163,27.2,77T,28,7,24,76.6,2014
20,Alex Smith,KC,QB,303,464,65.3,30.9,"3,265",7.0,217.7,18,6,175,37.7,70T,40,3,45,93.4,2014
21,Cam Newton,CAR,QB,262,448,58.5,32.0,"3,127",7.0,223.4,18,12,155,34.6,51,37,4,38,82.1,2014
22,Kyle Orton,BUF,QB,287,447,64.2,37.2,"3,018",6.8,251.5,18,10,147,32.9,84,39,7,33,87.8,2014
23,Teddy Bridgewater,MIN,QB,259,402,64.4,30.9,"2,919",7.3,224.5,14,12,137,34.1,87T,38,7,39,85.2,2014
24,Blake Bortles,JAC,QB,280,475,58.9,33.9,"2,908",6.1,207.7,11,17,132,27.8,63T,37,6,55,69.5,2014
25,Geno Smith,NYJ,QB,219,367,59.7,26.2,"2,525",6.9,180.4,13,13,118,32.2,74T,33,7,28,77.5,2014
26,Ryan Fitzpatrick,HOU,QB,197,312,63.1,26.0,"2,483",8.0,206.9,17,8,119,38.1,76T,38,8,21,95.3,2014
27,Mark Sanchez,PHI,QB,198,309,64.1,34.3,"2,418",7.8,268.7,14,11,117,37.9,72,34,6,23,88.4,2014
28,Josh McCown,TB,QB,184,327,56.3,29.7,"2,206",6.7,200.5,11,14,98,30.0,56T,28,6,36,70.5,2014
29,Nick Foles,PHI,QB,186,311,59.8,38.9,"2,163",7.0,270.4,13,10,101,32.5,68T,29,7,9,81.4,2014
30,Austin Davis,STL,QB,180,284,63.4,28.4,"2,001",7.0,200.1,12,9,106,37.3,59T,21,4,29,85.1,2014
31,Drew Stanton,ARI,QB,132,240,55.0,26.7,"1,711",7.1,190.1,7,5,77,32.1,49,29,6,11,78.7,2014
32,Kirk Cousins,WAS,QB,126,204,61.8,34.0,"1,710",8.4,285.0,10,9,75,36.8,81T,27,8,8,86.4,2014
33,Robert Griffin III,WAS,QB,147,214,68.7,23.8,"1,694",7.9,188.2,4,6,67,31.3,69T,18,8,33,86.9,2014
34,Shaun Hill,STL,QB,145,229,63.3,25.4,"1,657",7.2,184.1,8,7,81,35.4,63T,22,3,18,83.9,2014
35,Carson Palmer,ARI,QB,141,224,62.9,37.3,"1,626",7.3,271.0,11,3,82,36.6,80T,19,3,9,95.6,2014
36,Mike Glennon,TB,QB,117,203,57.6,33.8,"1,417",7.0,236.2,10,6,64,31.5,41,23,3,16,83.3,2014
37,Zach Mettenberger,TEN,QB,107,179,59.8,25.6,"1,412",7.9,201.7,8,7,56,31.3,80T,21,5,18,83.4,2014
38,Charlie Whitehurst,TEN,QB,105,185,56.8,26.4,"1,326",7.2,189.4,7,2,56,30.3,75T,18,2,18,87.4,2014
39,Colt McCoy,WAS,QB,91,128,71.1,25.6,"1,057",8.3,211.4,4,3,44,34.4,70T,12,4,17,96.4,2014
40,Jake Locker,TEN,QB,86,146,58.9,20.9,993,6.8,141.9,5,7,47,32.2,61T,11,1,14,70.9,2014
41,EJ Manuel,BUF,QB,76,131,58.0,26.2,838,6.4,167.6,5,3,39,29.8,80T,13,1,6,80.3,2014
42,Derek Anderson,CAR,QB,65,97,67.0,16.2,701,7.2,116.8,5,0,44,45.4,35T,6,0,4,105.2,2014
43,Mike Vick,NYJ,QB,64,121,52.9,12.1,604,5.0,60.4,3,2,33,27.3,67T,5,2,19,68.3,2014
44,Ryan Lindley,ARI,QB,45,93,48.4,31.0,562,6.0,187.3,2,4,30,32.3,41T,9,1,6,56.8,2014
45,Chad Henne,JAC,QB,42,78,53.8,26.0,492,6.3,164.0,3,1,19,24.4,63T,5,3,16,80.7,2014
46,Case Keenum,HOU,QB,45,77,58.4,38.5,435,5.6,217.5,2,2,21,27.3,35,6,0,3,72.2,2014
47,Matt Cassel,MIN,QB,41,71,57.7,23.7,425,6.0,141.7,3,4,21,29.6,28,5,0,6,65.8,2014
48,Ryan Mallett,HOU,QB,41,75,54.7,25.0,400,5.3,133.3,2,2,23,30.7,41,3,1,1,67.6,2014
49,Brandon Weeden,DAL,QB,24,41,58.5,8.2,303,7.4,60.6,3,2,16,39.0,43T,5,2,1,85.7,2014
50,Matt Hasselbeck,IND,QB,30,44,68.2,11.0,301,6.8,75.2,2,0,17,38.6,32,5,0,2,102.6,2014
1,Drew Brees,NO,QB,428,627,68.3,41.8,"4,870",7.8,324.7,32,11,228,36.4,80T,68,13,31,101.0,2015
2,Philip Rivers,SD,QB,437,661,66.1,41.3,"4,792",7.2,299.5,29,13,226,34.2,80T,53,8,40,93.8,2015
3,Tom Brady,NE,QB,402,624,64.4,39.0,"4,770",7.6,298.1,36,7,228,36.5,76T,58,12,38,102.2,2015
4,Carson Palmer,ARI,QB,342,537,63.7,33.6,"4,671",8.7,291.9,35,11,231,43.0,68,65,15,25,104.6,2015
5,Matt Ryan,ATL,QB,407,614,66.3,38.4,"4,591",7.5,286.9,21,16,229,37.3,70T,49,9,30,89.0,2015
6,Eli Manning,NYG,QB,387,618,62.6,38.6,"4,432",7.2,277.0,35,14,204,33.0,87T,52,16,27,93.6,2015
7,Blake Bortles,JAC,QB,355,606,58.6,37.9,"4,428",7.3,276.8,35,18,215,35.5,90T,72,11,51,88.2,2015
8,Matthew Stafford,DET,QB,398,592,67.2,37.0,"4,262",7.2,266.4,32,13,223,37.7,57,49,8,44,97.0,2015
9,Ryan Tannehill,MIA,QB,363,586,61.9,36.6,"4,208",7.2,263.0,24,12,193,32.9,54T,57,13,45,88.7,2015
10,Kirk Cousins,WAS,QB,379,543,69.8,33.9,"4,166",7.7,260.4,29,11,204,37.6,78T,50,8,26,101.6,2015
11,Jameis Winston,TB,QB,312,535,58.3,33.4,"4,042",7.6,252.6,22,15,201,37.6,68,57,9,27,84.2,2015
12,Russell Wilson,SEA,QB,329,483,68.1,30.2,"4,024",8.3,251.5,34,8,187,38.7,80T,60,9,45,110.1,2015
13,Derek Carr,OAK,QB,350,573,61.1,35.8,"3,987",7.0,249.2,32,13,183,31.9,68T,53,10,31,91.1,2015
14,Ben Roethlisberger,PIT,QB,319,469,68.0,39.1,"3,938",8.4,328.2,21,16,174,37.1,69T,48,17,20,94.5,2015
15,Ryan Fitzpatrick,NYJ,QB,335,562,59.6,35.1,"3,905",6.9,244.1,31,15,196,34.9,69T,53,9,19,88.0,2015
16,Cam Newton,CAR,QB,296,495,59.8,30.9,"3,837",7.8,239.8,35,10,195,39.4,74T,52,10,33,99.4,2015
17,Aaron Rodgers,GB,QB,347,572,60.7,35.8,"3,821",6.7,238.8,31,8,173,30.2,65T,55,6,46,92.7,2015
18,Sam Bradford,PHI,QB,346,532,65.0,38.0,"3,725",7.0,266.1,19,14,164,30.8,78T,46,13,28,86.4,2015
19,Jay Cutler,CHI,QB,311,483,64.4,32.2,"3,659",7.6,243.9,21,11,171,35.4,87T,53,10,29,92.3,2015
20,Alex Smith,KC,QB,307,470,65.3,29.4,"3,486",7.4,217.9,20,7,154,32.8,80T,42,10,45,95.4,2015
21,Andy Dalton,CIN,QB,255,386,66.1,29.7,"3,250",8.4,250.0,25,7,147,38.1,80T,52,11,20,106.2,2015
22,Teddy Bridgewater,MIN,QB,292,447,65.3,27.9,"3,231",7.2,201.9,14,9,153,34.2,52,41,6,44,88.7,2015
23,Tyrod Taylor,BUF,QB,242,380,63.7,27.1,"3,035",8.0,216.8,20,6,129,33.9,63,45,11,36,99.4,2015
24,Marcus Mariota,TEN,QB,230,370,62.2,30.8,"2,818",7.6,234.8,19,10,142,38.4,61T,40,4,38,91.5,2015
25,Joe Flacco,BAL,QB,266,413,64.4,41.3,"2,791",6.8,279.1,14,12,123,29.8,50T,36,4,16,83.1,2015
26,Brian Hoyer,HOU,QB,224,369,60.7,33.5,"2,606",7.1,236.9,19,7,130,35.2,49,32,5,25,91.4,2015
27,Peyton Manning,DEN,QB,198,331,59.8,33.1,"2,249",6.8,224.9,9,17,110,33.2,75T,24,7,16,67.9,2015
28,Josh McCown,CLE,QB,186,292,63.7,36.5,"2,109",7.2,263.6,12,4,96,32.9,56,24,6,23,93.3,2015
29,Nick Foles,STL,QB,190,337,56.4,30.6,"2,052",6.1,186.5,7,10,82,24.3,68,27,8,14,69.0,2015
30,Blaine Gabbert,SF,QB,178,282,63.1,35.2,"2,031",7.2,253.9,10,7,83,29.4,71T,27,5,25,86.2,2015
31,Brock Osweiler,DEN,QB,170,275,61.8,34.4,"1,967",7.2,245.9,10,6,91,33.1,72T,17,4,23,86.4,2015
32,Andrew Luck,IND,QB,162,293,55.3,41.9,"1,881",6.4,268.7,15,12,90,30.7,87T,22,3,15,74.9,2015
33,Matt Hasselbeck,IND,QB,156,256,60.9,32.0,"1,690",6.6,211.2,9,5,85,33.2,57,22,3,16,84.0,2015
34,Colin Kaepernick,SF,QB,144,244,59.0,27.1,"1,615",6.6,179.4,6,5,71,29.1,76T,19,7,28,78.5,2015
35,Johnny Manziel,CLE,QB,129,223,57.8,24.8,"1,500",6.7,166.7,7,5,71,31.8,61,19,4,19,79.4,2015
36,Matt Cassel,DAL,QB,119,204,58.3,25.5,"1,276",6.3,159.5,5,7,54,26.5,51,13,2,14,70.6,2015
37,Zach Mettenberger,TEN,QB,101,166,60.8,23.7,935,5.6,133.6,4,7,45,27.1,57T,7,1,13,66.7,2015
38,Tony Romo,DAL,QB,83,121,68.6,30.2,884,7.3,221.0,5,7,46,38.0,39,7,0,6,79.4,2015
39,AJ McCarron,CIN,QB,79,119,66.4,17.0,854,7.2,122.0,6,2,44,37.0,66T,11,2,12,97.1,2015
40,Case Keenum,STL,QB,76,125,60.8,20.8,828,6.6,138.0,4,1,41,32.8,60T,7,2,4,87.7,2015
41,Kellen Moore,DAL,QB,61,104,58.7,34.7,779,7.5,259.7,4,6,40,38.5,36,13,0,5,71.0,2015
42,Mark Sanchez,PHI,QB,59,91,64.8,22.8,616,6.8,154.0,4,4,29,31.9,43,7,1,9,80.7,2015
43,Ryan Mallett,BAL,QB,58,97,59.8,48.5,566,5.8,283.0,2,2,34,35.1,39,4,0,2,74.5,2015
44,EJ Manuel,BUF,QB,52,84,61.9,12.0,561,6.7,80.1,3,3,26,31.0,58T,6,1,6,78.5,2015
45,Jimmy Clausen,BAL,QB,49,85,57.6,42.5,555,6.5,277.5,2,3,26,30.6,48T,8,2,3,70.5,2015
46,Austin Davis,CLE,QB,56,94,59.6,31.3,547,5.8,182.3,1,3,25,26.6,42T,5,2,11,66.2,2015
47,Matt Schaub,BAL,QB,52,80,65.0,40.0,540,6.8,270.0,3,4,28,35.0,48,6,2,3,76.0,2015
48,Landry Jones,PIT,QB,32,55,58.2,7.9,513,9.3,73.3,3,4,19,34.5,88T,9,3,2,77.3,2015
49,Mike Vick,PIT,QB,40,66,60.6,13.2,371,5.6,74.2,2,1,14,21.2,72T,4,1,10,79.8,2015
50,T.J. Yates,HOU,QB,28,57,49.1,14.2,370,6.5,92.5,3,1,19,33.3,61T,5,1,5,80.3,2015
1,Drew Brees,NO,QB,471,673,70.0,42.1,"5,208",7.7,325.5,37,15,264,39.2,98T,70,10,27,101.7,2016
2,Matt Ryan,ATL,QB,373,534,69.9,33.4,"4,944",9.3,309.0,38,7,238,44.6,76T,69,17,37,117.1,2016
3,Kirk Cousins,WAS,QB,406,606,67.0,37.9,"4,917",8.1,307.3,25,12,225,37.1,80T,69,13,23,97.2,2016
4,Aaron Rodgers,GB,QB,401,610,65.7,38.1,"4,428",7.3,276.8,40,7,222,36.4,66T,57,10,35,104.2,2016
5,Philip Rivers,SD,QB,349,578,60.4,36.1,"4,386",7.6,274.1,33,21,214,37.0,59,57,16,36,87.9,2016
6,Matthew Stafford,DET,QB,388,594,65.3,37.1,"4,327",7.3,270.4,24,10,217,36.5,73T,52,10,37,93.3,2016
7,Joe Flacco,BAL,QB,436,672,64.9,42.0,"4,317",6.4,269.8,20,15,204,30.4,95T,40,11,33,83.5,2016
8,Andrew Luck,IND,QB,346,545,63.5,36.3,"4,240",7.8,282.7,31,13,206,37.8,64T,61,8,41,96.4,2016
9,Carson Palmer,ARI,QB,364,597,61.0,39.8,"4,233",7.1,282.2,26,14,218,36.5,80T,48,6,40,87.2,2016
10,Russell Wilson,SEA,QB,353,546,64.7,34.1,"4,219",7.7,263.7,21,11,193,35.3,59,51,11,41,92.6,2016
11,Andy Dalton,CIN,QB,364,563,64.7,35.2,"4,206",7.5,262.9,18,8,204,36.2,86T,53,13,41,91.8,2016
12,Jameis Winston,TB,QB,345,567,60.8,35.4,"4,090",7.2,255.6,28,18,214,37.7,45T,43,4,35,86.1,2016
13,Eli Manning,NYG,QB,377,598,63.0,37.4,"4,027",6.7,251.7,26,16,190,31.8,75T,46,11,21,86.0,2016
14,Derek Carr,OAK,QB,357,560,63.8,37.3,"3,937",7.0,262.5,28,6,189,33.8,75T,50,8,16,96.7,2016
15,Blake Bortles,JAX,QB,368,625,58.9,39.1,"3,905",6.2,244.1,23,16,206,33.0,51T,43,4,34,78.8,2016
16,Sam Bradford,MIN,QB,395,552,71.6,36.8,"3,877",7.0,258.5,20,5,197,35.7,71T,49,8,37,99.3,2016
17,Ben Roethlisberger,PIT,QB,328,509,64.4,36.4,"3,819",7.5,272.8,29,13,184,36.1,72T,59,8,17,95.4,2016
18,Carson Wentz,PHI,QB,379,607,62.4,37.9,"3,782",6.2,236.4,16,14,191,31.5,73T,39,6,33,79.3,2016
19,Dak Prescott,DAL,QB,311,459,67.8,28.7,"3,667",8.0,229.2,23,4,182,39.7,83T,38,8,25,104.9,2016
20,Tom Brady,NE,QB,291,432,67.4,36.0,"3,554",8.2,296.2,28,2,163,37.7,79T,45,8,15,112.2,2016
21,Cam Newton,CAR,QB,270,510,52.9,34.0,"3,509",6.9,233.9,19,14,172,33.7,88T,42,8,36,75.8,2016
22,Alex Smith,KC,QB,328,489,67.1,32.6,"3,502",7.2,233.5,15,8,181,37.0,80T,39,8,28,91.2,2016
23,Marcus Mariota,TEN,QB,276,451,61.2,30.1,"3,426",7.6,228.4,26,9,158,35.0,60,50,7,23,95.6,2016
24,Trevor Siemian,DEN,QB,289,486,59.5,34.7,"3,401",7.0,242.9,18,10,155,31.9,76T,37,8,31,84.6,2016
25,Tyrod Taylor,BUF,QB,269,436,61.7,29.1,"3,023",6.9,201.5,17,6,147,33.7,84T,33,7,42,89.7,2016
26,Ryan Tannehill,MIA,QB,261,389,67.1,29.9,"2,995",7.7,230.4,19,12,132,33.9,74T,37,11,29,93.5,2016
27,Brock Osweiler,HOU,QB,301,510,59.0,34.0,"2,957",5.8,197.1,15,16,153,30.0,53,29,4,27,72.2,2016
28,Ryan Fitzpatrick,NYJ,QB,228,403,56.6,28.8,"2,710",6.7,193.6,12,17,128,31.8,57,38,5,19,69.6,2016
29,Colin Kaepernick,SF,QB,196,331,59.2,27.6,"2,241",6.8,186.8,16,4,101,30.5,65T,25,5,36,90.7,2016
30,Case Keenum,LA,QB,196,322,60.9,32.2,"2,201",6.8,220.1,9,11,102,31.7,65T,31,8,23,76.4,2016
31,Matt Barkley,CHI,QB,129,216,59.7,30.9,"1,611",7.5,230.1,8,14,89,41.2,37,21,0,6,68.3,2016
32,Brian Hoyer,CHI,QB,134,200,67.0,33.3,"1,445",7.2,240.8,6,0,75,37.5,64,13,1,4,98.0,2016
33,Cody Kessler,CLE,QB,128,195,65.6,21.7,"1,380",7.1,153.3,6,2,67,34.4,44,17,4,21,92.3,2016
34,Josh McCown,CLE,QB,90,165,54.5,33.0,"1,100",6.7,220.0,6,6,56,33.9,54,14,2,18,72.3,2016
35,Jared Goff,LA,QB,112,205,54.6,29.3,"1,089",5.3,155.6,5,7,47,22.9,66,12,1,26,63.6,2016
36,Jay Cutler,CHI,QB,81,137,59.1,27.4,"1,059",7.7,211.8,4,5,45,32.8,54,15,3,17,78.1,2016
37,Blaine Gabbert,SF,QB,91,160,56.9,26.7,925,5.8,154.2,5,6,51,31.9,75T,10,1,11,68.4,2016
38,Robert Griffin III,CLE,QB,87,147,59.2,29.4,886,6.0,177.2,2,3,43,29.3,58,9,3,22,72.5,2016
39,Bryce Petty,NYJ,QB,75,133,56.4,22.2,809,6.1,134.8,3,7,35,26.3,52,9,4,13,60.0,2016
40,Matt Moore,MIA,QB,55,87,63.2,21.8,721,8.3,180.2,8,3,35,40.2,66T,9,4,1,105.6,2016
41,Landry Jones,PIT,QB,53,86,61.6,10.8,558,6.5,69.8,4,2,26,30.2,51,5,2,4,86.3,2016
42,Jimmy Garoppolo,NE,QB,43,63,68.3,10.5,502,8.0,83.7,4,0,22,34.9,37T,7,0,3,113.3,2016
43,Paxton Lynch,DEN,QB,49,83,59.0,27.7,497,6.0,165.7,2,1,25,30.1,31,3,0,9,79.2,2016
44,Tom Savage,HOU,QB,46,73,63.0,24.3,461,6.3,153.7,0,0,20,27.4,32,5,0,5,80.9,2016
45,Derek Anderson,CAR,QB,36,53,67.9,10.6,453,8.5,90.6,2,5,22,41.5,48,7,1,0,67.6,2016
46,Nick Foles,KC,QB,36,55,65.5,18.3,410,7.5,136.7,3,0,15,27.3,49,7,1,4,105.9,2016
47,Jacoby Brissett,NE,QB,34,55,61.8,18.3,400,7.3,133.3,0,0,18,32.7,58,4,1,6,83.9,2016
48,Matt Cassel,TEN,QB,30,51,58.8,12.8,284,5.6,71.0,2,2,16,31.4,50,3,1,5,71.0,2016
49,Shaun Hill,MIN,QB,19,35,54.3,11.7,242,6.9,80.7,0,0,12,34.3,33,3,0,1,76.1,2016
50,Scott Tolzien,IND,QB,23,37,62.2,12.3,216,5.8,72.0,1,2,13,35.1,32,1,0,3,64.7,2016
1,Tom Brady,NE,QB,385,581,66.3,36.3,"4,577",7.9,286.1,32,8,230,39.6,64T,62,10,35,102.8,2017
2,Philip Rivers,LAC,QB,360,575,62.6,35.9,"4,515",7.9,282.2,28,10,216,37.6,75T,61,12,18,96.0,2017
3,Matthew Stafford,DET,QB,371,565,65.7,35.3,"4,446",7.9,277.9,29,10,209,37.0,71T,61,16,47,99.3,2017
4,Drew Brees,NO,QB,386,536,72.0,33.5,"4,334",8.1,270.9,23,8,201,37.5,54T,72,11,20,103.9,2017
5,Ben Roethlisberger,PIT,QB,360,561,64.2,37.4,"4,251",7.6,283.4,28,14,207,36.9,97T,52,14,21,93.4,2017
6,Matt Ryan,ATL,QB,342,529,64.7,33.1,"4,095",7.7,255.9,20,12,199,37.6,88T,54,8,24,91.4,2017
7,Kirk Cousins,WAS,QB,347,540,64.3,33.8,"4,093",7.6,255.8,27,13,191,35.4,74,59,9,41,93.9,2017
8,Alex Smith,KC,QB,341,505,67.5,33.7,"4,042",8.0,269.5,26,5,184,36.4,79T,52,13,35,104.7,2017
9,Russell Wilson,SEA,QB,339,553,61.3,34.6,"3,983",7.2,248.9,34,11,183,33.1,74T,58,12,43,95.4,2017
10,Jared Goff,LA,QB,296,477,62.1,31.8,"3,804",8.0,253.6,28,7,176,36.9,94T,54,12,25,100.5,2017
11,Blake Bortles,JAX,QB,315,523,60.2,32.7,"3,687",7.0,230.4,21,13,192,36.7,75T,41,7,24,84.7,2017
12,Case Keenum,MIN,QB,325,481,67.6,32.1,"3,547",7.4,236.5,22,7,179,37.2,65T,45,8,22,98.3,2017
13,Jameis Winston,TB,QB,282,442,63.8,34.0,"3,504",7.9,269.5,19,11,180,40.7,70,32,5,33,92.2,2017
14,Derek Carr,OAK,QB,323,515,62.7,34.3,"3,496",6.8,233.1,22,13,165,32.0,87T,43,9,20,86.4,2017
15,Eli Manning,NYG,QB,352,571,61.6,38.1,"3,468",6.1,231.2,19,13,170,29.8,77T,30,5,31,80.4,2017
16,Dak Prescott,DAL,QB,308,490,62.9,30.6,"3,324",6.8,207.8,22,13,162,33.1,81T,34,8,32,86.6,2017
17,Andy Dalton,CIN,QB,297,496,59.9,31.0,"3,320",6.7,207.5,25,12,162,32.7,77T,33,9,39,86.6,2017
18,Cam Newton,CAR,QB,291,492,59.1,30.8,"3,302",6.7,206.4,22,16,166,33.7,64,46,5,35,80.7,2017
19,Carson Wentz,PHI,QB,265,440,60.2,33.8,"3,296",7.5,253.5,33,7,160,36.4,72T,40,9,28,101.9,2017
20,Marcus Mariota,TEN,QB,281,453,62.0,30.2,"3,232",7.1,215.5,13,15,147,32.5,75T,39,6,27,79.3,2017
21,Joe Flacco,BAL,QB,352,549,64.1,34.3,"3,141",5.7,196.3,18,13,161,29.3,66,28,5,27,80.4,2017
22,Jacoby Brissett,IND,QB,276,469,58.8,29.3,"3,098",6.6,193.6,13,7,143,30.5,80T,32,9,52,81.7,2017
23,Josh McCown,NYJ,QB,267,397,67.3,30.5,"2,926",7.4,225.1,18,9,133,33.5,69T,40,7,39,94.5,2017
24,DeShone Kizer,CLE,QB,255,476,53.6,31.7,"2,894",6.1,192.9,11,22,130,27.3,56T,43,3,38,60.5,2017
25,Tyrod Taylor,BUF,QB,263,420,62.6,28.0,"2,799",6.7,186.6,14,4,134,31.9,47,36,4,46,89.2,2017
26,Jay Cutler,MIA,QB,266,429,62.0,30.6,"2,666",6.2,190.4,19,14,134,31.2,65T,27,2,20,80.8,2017
27,Trevor Siemian,DEN,QB,206,349,59.0,31.7,"2,285",6.5,207.7,12,14,112,32.1,44,37,2,33,73.3,2017
28,Mitchell Trubisky,CHI,QB,196,330,59.4,27.5,"2,193",6.6,182.8,7,7,100,30.3,70,24,4,31,77.5,2017
29,Carson Palmer,ARI,QB,164,267,61.4,38.1,"1,978",7.4,282.6,9,7,94,35.2,46,28,2,22,84.4,2017
30,Brett Hundley,GB,QB,192,316,60.8,28.7,"1,836",5.8,166.9,9,12,89,28.2,55T,17,4,29,70.6,2017
31,Deshaun Watson,HOU,QB,126,204,61.8,29.1,"1,699",8.3,242.7,19,8,84,41.2,72T,28,4,19,103.0,2017
32,Aaron Rodgers,GB,QB,154,238,64.7,34.0,"1,675",7.0,239.3,16,6,85,35.7,72,21,4,22,97.2,2017
33,Jimmy Garoppolo,SF,QB,120,178,67.4,29.7,"1,560",8.8,260.0,7,5,78,43.8,61,20,5,8,96.2,2017
34,C.J. Beathard,SF,QB,123,224,54.9,32.0,"1,430",6.4,204.3,4,6,66,29.5,83T,16,6,19,69.2,2017
35,Tom Savage,HOU,QB,125,223,56.1,27.9,"1,412",6.3,176.5,5,6,68,30.5,57,18,1,21,71.4,2017
36,Ryan Fitzpatrick,TB,QB,96,163,58.9,27.2,"1,103",6.8,183.8,7,3,63,38.7,41,15,1,7,86.0,2017
37,Brock Osweiler,DEN,QB,96,172,55.8,28.7,"1,088",6.3,181.3,5,5,53,30.8,54T,14,1,10,72.5,2017
38,Blaine Gabbert,ARI,QB,95,171,55.6,34.2,"1,086",6.4,217.2,6,6,55,32.2,52T,17,2,23,71.9,2017
39,Drew Stanton,ARI,QB,79,159,49.7,31.8,894,5.6,178.8,6,5,50,31.4,52,9,1,7,66.4,2017
40,Matt Moore,MIA,QB,78,127,61.4,31.8,861,6.8,215.2,4,5,38,29.9,61T,11,3,12,75.6,2017
41,Mike Glennon,CHI,QB,93,140,66.4,35.0,833,6.0,208.2,4,5,42,30.0,29,4,0,8,76.9,2017
42,Bryce Petty,NYJ,QB,55,112,49.1,28.0,544,4.9,136.0,1,3,23,20.5,46,5,1,8,55.1,2017
43,Nick Foles,PHI,QB,57,101,56.4,14.4,537,5.3,76.7,5,2,29,28.7,35,3,0,5,79.5,2017
44,T.J. Yates,HOU,QB,47,97,48.5,24.2,523,5.4,130.8,4,3,27,27.8,40,7,1,13,65.8,2017
45,Kevin Hogan,CLE,QB,46,75,61.3,18.8,517,6.9,129.2,4,5,21,28.0,49,8,2,6,71.9,2017
46,Sam Bradford,MIN,QB,32,43,74.4,21.5,382,8.9,191.0,3,0,17,39.5,44,8,1,5,124.4,2017
47,Paxton Lynch,DEN,QB,30,45,66.7,22.5,295,6.6,147.5,2,3,15,33.3,30,4,0,9,72.0,2017
48,Patrick Mahomes,KC,QB,22,35,62.9,35.0,284,8.1,284.0,0,1,14,40.0,51,2,1,2,76.4,2017
49,David Fales,MIA,QB,29,43,67.4,21.5,265,6.2,132.5,1,1,15,34.9,26,3,0,1,82.0,2017
49,EJ Manuel,OAK,QB,24,43,55.8,21.5,265,6.2,132.5,1,1,13,30.2,41T,4,1,4,72.3,2017
