PLAYER,TEAM,POS,AGE,GP,GS,Passing_Cmp,Passing_Att,Passing_Yds,Passing_TD,Int,Rushing_Att,Rushing_Yds,Y/A,Rushing_TD,Tgt,Rec,Reception_Yds,Y/R,Rec_TD,2PM,2PP,FantPt,PPR,DKPt,FDPt,VBD,PosRank,OvRank
Jamaal Charles,KAN,RB,27.0,15.0,15.0,0.0,0.0,0.0,0.0,0.0,259.0,1287.0,4.97,12.0,104.0,70.0,693.0,9.9,7.0,,,308.0,378.0,386.0,343.0,182.0,1.0,1.0
Peyton Manning,DEN,QB,37.0,16.0,16.0,450.0,659.0,5477.0,55.0,10.0,32.0,-31.0,-0.97,1.0,0.0,0.0,0.0,,0.0,,1.0,414.0,412.0,431.0,422.0,153.0,1.0,2.0
LeSean McCoy,PHI,RB,25.0,16.0,16.0,0.0,0.0,0.0,0.0,0.0,314.0,1607.0,5.12,9.0,64.0,52.0,539.0,10.37,2.0,,,279.0,331.0,337.6,304.6,152.0,2.0,3.0
Matt Forte,CHI,RB,28.0,16.0,16.0,0.0,0.0,0.0,0.0,0.0,289.0,1339.0,4.63,9.0,95.0,74.0,594.0,8.03,3.0,1.0,,265.0,337.0,345.3,300.3,139.0,3.0,4.0
Marshawn Lynch,SEA,RB,27.0,16.0,16.0,0.0,0.0,0.0,0.0,0.0,301.0,1257.0,4.18,12.0,44.0,36.0,316.0,8.78,2.0,,,239.0,275.0,282.3,257.3,113.0,4.0,5.0
Knowshon Moreno,DEN,RB,26.0,16.0,15.0,0.0,0.0,0.0,0.0,0.0,241.0,1038.0,4.31,10.0,74.0,60.0,548.0,9.13,3.0,,,237.0,297.0,302.6,266.6,110.0,5.0,6.0
Demaryius Thomas,DEN,WR,26.0,16.0,16.0,0.0,0.0,0.0,0.0,0.0,0.0,0.0,,0.0,142.0,92.0,1430.0,15.54,14.0,,,229.0,319.0,322.0,273.0,107.0,1.0,7.0
Josh Gordon,CLE,WR,22.0,14.0,14.0,0.0,0.0,0.0,0.0,0.0,5.0,88.0,17.6,0.0,159.0,87.0,1646.0,18.92,9.0,,,227.0,314.0,317.4,270.9,106.0,2.0,8.0
Calvin Johnson,DET,WR,28.0,14.0,14.0,0.0,0.0,0.0,0.0,0.0,0.0,0.0,,0.0,156.0,84.0,1492.0,17.76,12.0,,,221.0,303.0,307.2,261.2,99.0,3.0,9.0
Drew Brees,NOR,QB,34.0,16.0,16.0,446.0,650.0,5162.0,39.0,12.0,35.0,52.0,1.49,3.0,0.0,0.0,0.0,,0.0,,,358.0,358.0,374.7,369.7,97.0,2.0,10.0
Jimmy Graham,NOR,WR,27.0,16.0,12.0,0.0,0.0,0.0,0.0,0.0,0.0,0.0,,0.0,142.0,86.0,1215.0,14.13,16.0,,,218.0,304.0,306.5,260.5,96.0,4.0,11.0
A.J. Green,CIN,WR,25.0,16.0,16.0,0.0,0.0,0.0,0.0,0.0,0.0,0.0,,0.0,178.0,98.0,1426.0,14.55,11.0,,,209.0,307.0,309.6,257.6,87.0,5.0,12.0
Brandon Marshall,CHI,WR,29.0,16.0,16.0,0.0,0.0,0.0,0.0,0.0,0.0,0.0,,0.0,164.0,100.0,1295.0,12.95,12.0,2.0,,206.0,306.0,308.5,255.5,84.0,6.0,13.0
Dez Bryant,DAL,WR,25.0,16.0,16.0,0.0,0.0,0.0,0.0,0.0,1.0,1.0,1.0,0.0,159.0,93.0,1233.0,13.26,13.0,,,203.0,292.0,296.4,245.9,82.0,7.0,14.0
Eddie Lacy,GNB,RB,23.0,15.0,15.0,0.0,0.0,0.0,0.0,0.0,284.0,1178.0,4.15,11.0,44.0,35.0,257.0,7.34,0.0,,,208.0,243.0,249.5,225.0,81.0,6.0,15.0
DeMarco Murray,DAL,RB,25.0,14.0,14.0,0.0,0.0,0.0,0.0,0.0,217.0,1121.0,5.17,9.0,66.0,53.0,350.0,6.6,1.0,,,205.0,258.0,265.1,231.6,79.0,7.0,16.0
Adrian Peterson,MIN,RB,28.0,14.0,14.0,0.0,0.0,0.0,0.0,0.0,279.0,1266.0,4.54,10.0,40.0,29.0,171.0,5.9,1.0,,,204.0,233.0,241.7,218.2,77.0,8.0,17.0
Antonio Brown,PIT,WR,25.0,16.0,14.0,1.0,1.0,15.0,0.0,0.0,7.0,4.0,0.57,0.0,167.0,110.0,1499.0,13.63,8.0,,,199.0,309.0,317.9,259.9,77.0,8.0,18.0
Alshon Jeffery,CHI,WR,23.0,16.0,14.0,0.0,0.0,0.0,0.0,0.0,16.0,105.0,6.56,0.0,148.0,89.0,1421.0,15.97,7.0,1.0,,195.0,284.0,290.6,239.1,73.0,9.0,19.0
Vernon Davis,SFO,TE,29.0,15.0,15.0,0.0,0.0,0.0,0.0,0.0,0.0,0.0,,0.0,84.0,52.0,850.0,16.35,13.0,,,161.0,213.0,217.0,187.0,72.0,1.0,20.0
Chris Johnson,TEN,RB,28.0,16.0,16.0,0.0,0.0,0.0,0.0,0.0,279.0,1077.0,3.86,6.0,52.0,42.0,345.0,8.21,4.0,,,198.0,240.0,248.2,219.2,72.0,9.0,21.0
Eric Decker,DEN,WR,26.0,16.0,16.0,0.0,0.0,0.0,0.0,0.0,0.0,0.0,,0.0,136.0,87.0,1288.0,14.8,11.0,,,193.0,280.0,283.8,236.3,71.0,10.0,22.0
DeSean Jackson,PHI,WR,27.0,16.0,16.0,0.0,0.0,0.0,0.0,0.0,3.0,2.0,0.67,0.0,126.0,82.0,1332.0,16.24,9.0,,,191.0,269.0,272.4,228.4,70.0,11.0,23.0
Julius Thomas,DEN,TE,25.0,14.0,14.0,0.0,0.0,0.0,0.0,0.0,0.0,0.0,,0.0,90.0,65.0,788.0,12.12,12.0,,,151.0,216.0,218.8,183.3,62.0,2.0,24.0
Fred Jackson,BUF,RB,32.0,16.0,6.0,0.0,0.0,0.0,0.0,0.0,206.0,890.0,4.32,9.0,65.0,47.0,387.0,8.23,1.0,,,188.0,235.0,240.7,211.2,61.0,10.0,25.0
Reggie Bush,DET,RB,28.0,14.0,14.0,0.0,0.0,0.0,0.0,0.0,223.0,1006.0,4.51,4.0,80.0,54.0,506.0,9.37,3.0,,,185.0,239.0,249.2,212.2,59.0,11.0,26.0
Ryan Mathews,SDG,RB,26.0,16.0,14.0,0.0,0.0,0.0,0.0,0.0,285.0,1255.0,4.4,6.0,33.0,26.0,189.0,7.27,1.0,,,184.0,210.0,217.4,197.4,58.0,12.0,27.0
Jordy Nelson,GNB,WR,28.0,16.0,16.0,0.0,0.0,0.0,0.0,0.0,0.0,0.0,,0.0,127.0,85.0,1314.0,15.46,8.0,,,179.0,264.0,267.4,221.9,58.0,12.0,28.0
Andre Johnson,HOU,WR,32.0,16.0,16.0,0.0,0.0,0.0,0.0,0.0,0.0,0.0,,0.0,181.0,109.0,1407.0,12.91,5.0,,,171.0,280.0,282.7,225.2,49.0,13.0,29.0
,,,,,,,,,,,,,,,,,,,,,,,,,,,,
Frank Gore,SFO,RB,30.0,16.0,16.0,0.0,0.0,0.0,0.0,0.0,276.0,1128.0,4.09,9.0,27.0,16.0,141.0,8.81,0.0,,,175.0,191.0,199.9,182.9,49.0,13.0,30.0
Tony Gonzalez,ATL,TE,37.0,16.0,16.0,0.0,0.0,0.0,0.0,0.0,0.0,0.0,,0.0,121.0,83.0,859.0,10.35,8.0,1.0,,136.0,219.0,221.9,177.4,47.0,3.0,31.0
Le'Veon Bell,PIT,RB,21.0,13.0,13.0,0.0,0.0,0.0,0.0,0.0,244.0,860.0,3.52,8.0,66.0,45.0,399.0,8.87,0.0,,,172.0,217.0,223.9,194.4,46.0,14.0,32.0
Jordan Cameron,CLE,TE,25.0,15.0,14.0,0.0,0.0,0.0,0.0,0.0,0.0,0.0,,0.0,118.0,80.0,917.0,11.46,7.0,,,134.0,214.0,216.7,173.7,45.0,4.0,33.0
Pierre Garcon,WAS,WR,27.0,16.0,16.0,0.0,0.0,0.0,0.0,0.0,2.0,19.0,9.5,0.0,181.0,113.0,1346.0,11.91,5.0,,,167.0,278.0,281.5,221.0,45.0,14.0,34.0
Jason Witten,DAL,TE,31.0,16.0,16.0,0.0,0.0,0.0,0.0,0.0,0.0,0.0,,0.0,111.0,73.0,851.0,11.66,8.0,,,133.0,206.0,209.1,169.6,44.0,5.0,35.0
Alfred Morris,WAS,RB,25.0,16.0,16.0,0.0,0.0,0.0,0.0,0.0,276.0,1275.0,4.62,7.0,12.0,9.0,78.0,8.67,0.0,,,169.0,178.0,185.3,173.8,43.0,15.0,36.0
Vincent Jackson,TAM,WR,30.0,16.0,16.0,0.0,0.0,0.0,0.0,0.0,1.0,0.0,0.0,0.0,160.0,78.0,1224.0,15.69,7.0,,,164.0,242.0,245.4,203.4,43.0,15.0,37.0
Giovani Bernard,CIN,RB,22.0,16.0,0.0,0.0,0.0,0.0,0.0,0.0,170.0,695.0,4.09,5.0,71.0,56.0,514.0,9.18,3.0,,,167.0,223.0,229.9,194.9,41.0,16.0,38.0
Anquan Boldin,SFO,WR,33.0,16.0,16.0,0.0,0.0,0.0,0.0,0.0,2.0,11.0,5.5,0.0,129.0,85.0,1179.0,13.87,7.0,,,161.0,246.0,249.0,203.5,39.0,16.0,39.0
Joique Bell,DET,RB,27.0,16.0,4.0,0.0,0.0,0.0,0.0,0.0,166.0,650.0,3.92,8.0,69.0,53.0,547.0,10.32,0.0,1.0,,164.0,217.0,225.7,190.2,37.0,17.0,40.0
Cam Newton,CAR,QB,24.0,16.0,16.0,292.0,473.0,3379.0,24.0,13.0,111.0,585.0,5.27,6.0,0.0,0.0,0.0,,0.0,,,298.0,298.0,317.7,310.7,37.0,3.0,41.0
Andrew Luck,IND,QB,24.0,16.0,16.0,343.0,570.0,3822.0,23.0,9.0,63.0,377.0,5.98,4.0,0.0,0.0,0.0,,0.0,,4.0,297.0,293.0,309.6,301.6,36.0,4.0,42.0
Larry Fitzgerald,ARI,WR,30.0,16.0,16.0,0.0,1.0,0.0,0.0,0.0,2.0,8.0,4.0,0.0,135.0,82.0,954.0,11.63,10.0,,,156.0,236.0,240.2,195.2,34.0,17.0,43.0
Zac Stacy,STL,RB,22.0,14.0,12.0,0.0,0.0,0.0,0.0,0.0,250.0,973.0,3.89,7.0,35.0,26.0,141.0,5.42,1.0,,,157.0,183.0,190.4,170.4,31.0,18.0,44.0
Charles Clay,MIA,TE,24.0,16.0,15.0,0.0,0.0,0.0,0.0,0.0,7.0,15.0,2.14,1.0,102.0,69.0,759.0,11.0,6.0,,,119.0,188.0,191.4,153.9,31.0,6.0,45.0
Andy Dalton,CIN,QB,26.0,16.0,16.0,363.0,586.0,4293.0,33.0,20.0,61.0,183.0,3.0,2.0,0.0,0.0,0.0,,0.0,,,290.0,288.0,317.0,308.0,29.0,5.0,46.0
Greg Olsen,CAR,TE,28.0,16.0,16.0,0.0,0.0,0.0,0.0,0.0,0.0,0.0,,0.0,111.0,73.0,816.0,11.18,6.0,,,118.0,191.0,193.6,154.1,29.0,7.0,47.0
Keenan Allen,SDG,WR,21.0,15.0,14.0,0.0,0.0,0.0,0.0,0.0,0.0,0.0,,0.0,105.0,71.0,1046.0,14.73,8.0,,,149.0,220.0,224.6,184.1,27.0,18.0,48.0
Philip Rivers,SDG,QB,32.0,16.0,16.0,378.0,544.0,4478.0,32.0,11.0,28.0,72.0,2.57,0.0,1.0,0.0,-9.0,,0.0,,,287.0,287.0,303.4,298.4,27.0,6.0,49.0
Julian Edelman,NWE,WR,27.0,16.0,11.0,0.0,0.0,0.0,0.0,0.0,2.0,11.0,5.5,0.0,151.0,105.0,1056.0,10.06,6.0,2.0,,147.0,252.0,254.7,199.2,25.0,19.0,50.0
Matthew Stafford,DET,QB,25.0,16.0,16.0,371.0,634.0,4650.0,29.0,19.0,37.0,69.0,1.86,2.0,0.0,0.0,0.0,,0.0,,2.0,285.0,279.0,304.9,297.9,24.0,7.0,51.0
Danny Woodhead,SDG,RB,28.0,16.0,2.0,0.0,0.0,0.0,0.0,0.0,106.0,429.0,4.05,2.0,88.0,76.0,605.0,7.96,6.0,,,147.0,223.0,231.4,185.4,21.0,19.0,52.0
Antonio Gates,SDG,TE,33.0,16.0,15.0,0.0,0.0,0.0,0.0,0.0,0.0,0.0,,0.0,114.0,77.0,872.0,11.32,4.0,,,107.0,184.0,189.2,145.7,18.0,8.0,53.0
Maurice Jones-Drew,JAX,RB,28.0,15.0,15.0,1.0,1.0,8.0,1.0,0.0,234.0,803.0,3.43,5.0,60.0,43.0,314.0,7.3,0.0,,,144.0,187.0,194.0,165.5,18.0,20.0,54.0
Riley Cooper,PHI,WR,26.0,16.0,15.0,0.0,0.0,0.0,0.0,0.0,0.0,18.0,,0.0,84.0,47.0,835.0,17.77,8.0,2.0,,139.0,184.0,187.3,160.8,18.0,20.0,55.0
T.Y. Hilton,IND,WR,24.0,16.0,10.0,0.0,0.0,0.0,0.0,0.0,2.0,6.0,3.0,0.0,139.0,82.0,1083.0,13.21,5.0,,,139.0,221.0,223.9,179.9,17.0,21.0,56.0
Torrey Smith,BAL,WR,24.0,16.0,16.0,0.0,0.0,0.0,0.0,0.0,0.0,0.0,,0.0,137.0,65.0,1128.0,17.35,4.0,1.0,,139.0,204.0,206.8,171.3,17.0,22.0,57.0
Wes Welker,DEN,WR,32.0,13.0,13.0,0.0,0.0,0.0,0.0,0.0,0.0,0.0,,0.0,111.0,73.0,778.0,10.66,10.0,,,138.0,209.0,212.8,172.3,16.0,23.0,58.0
Marvin Jones,CIN,WR,23.0,16.0,3.0,0.0,0.0,0.0,0.0,0.0,8.0,65.0,8.13,0.0,80.0,51.0,712.0,13.96,10.0,,,138.0,189.0,191.7,163.2,16.0,24.0,59.0
,,,,,,,,,,,,,,,,,,,,,,,,,,,,
Martellus Bennett,CHI,TE,26.0,16.0,15.0,0.0,0.0,0.0,0.0,0.0,0.0,0.0,,0.0,94.0,65.0,759.0,11.68,5.0,,,104.0,169.0,172.9,136.4,15.0,9.0,60.0
Michael Floyd,ARI,WR,24.0,16.0,16.0,0.0,0.0,0.0,0.0,0.0,0.0,0.0,,0.0,113.0,65.0,1041.0,16.02,5.0,,,136.0,199.0,202.1,166.6,14.0,25.0,61.0
Rashad Jennings,OAK,RB,28.0,15.0,8.0,0.0,0.0,0.0,0.0,0.0,163.0,733.0,4.5,6.0,48.0,36.0,292.0,8.11,0.0,,,139.0,175.0,180.5,156.5,12.0,21.0,62.0
Russell Wilson,SEA,QB,25.0,16.0,16.0,257.0,407.0,3357.0,26.0,9.0,96.0,539.0,5.61,1.0,0.0,0.0,0.0,,0.0,,,272.0,270.0,290.2,279.2,11.0,8.0,63.0
DeAngelo Williams,CAR,RB,30.0,15.0,15.0,0.0,0.0,0.0,0.0,0.0,201.0,843.0,4.19,3.0,36.0,26.0,333.0,12.81,1.0,,,138.0,164.0,171.6,150.6,11.0,22.0,64.0
Pierre Thomas,NOR,RB,29.0,16.0,9.0,0.0,0.0,0.0,0.0,0.0,147.0,549.0,3.73,2.0,84.0,77.0,513.0,6.66,3.0,,,136.0,211.0,218.2,172.7,10.0,23.0,65.0
Jared Cook,STL,TE,26.0,16.0,13.0,0.0,0.0,0.0,0.0,0.0,0.0,0.0,,0.0,85.0,51.0,671.0,13.16,5.0,,,97.0,146.0,150.1,120.6,8.0,10.0,66.0
Mike Wallace,MIA,WR,27.0,16.0,16.0,0.0,0.0,0.0,0.0,0.0,3.0,33.0,11.0,0.0,141.0,73.0,930.0,12.74,5.0,,,128.0,199.0,202.3,162.8,7.0,26.0,67.0
Nick Foles,PHI,QB,24.0,13.0,10.0,203.0,317.0,2891.0,27.0,2.0,57.0,221.0,3.88,3.0,0.0,0.0,0.0,,0.0,,2.0,266.0,260.0,269.7,261.7,5.0,9.0,68.0
Delanie Walker,TEN,TE,29.0,15.0,11.0,0.0,0.0,0.0,0.0,0.0,0.0,0.0,,0.0,86.0,60.0,571.0,9.52,6.0,,,93.0,153.0,156.1,123.1,4.0,11.0,69.0
Tony Romo,DAL,QB,33.0,15.0,15.0,342.0,535.0,3828.0,31.0,10.0,20.0,38.0,1.9,0.0,0.0,0.0,0.0,,0.0,,1.0,265.0,261.0,274.9,270.9,4.0,10.0,70.0
Brian Hartline,MIA,WR,27.0,16.0,15.0,0.0,0.0,0.0,0.0,0.0,0.0,0.0,,0.0,133.0,76.0,1016.0,13.37,4.0,,,126.0,202.0,204.6,163.6,4.0,27.0,71.0
Colin Kaepernick,SFO,QB,26.0,16.0,16.0,243.0,416.0,3197.0,21.0,8.0,92.0,524.0,5.7,4.0,0.0,0.0,0.0,,0.0,,,264.0,264.0,282.3,272.3,3.0,11.0,72.0
Marques Colston,NOR,WR,30.0,15.0,11.0,0.0,0.0,0.0,0.0,0.0,0.0,0.0,,0.0,111.0,75.0,943.0,12.57,5.0,,,124.0,199.0,202.3,161.8,3.0,28.0,73.0
Golden Tate,SEA,WR,25.0,16.0,13.0,0.0,0.0,0.0,0.0,0.0,3.0,31.0,10.33,0.0,99.0,64.0,898.0,14.03,5.0,,,123.0,187.0,189.9,154.9,1.0,29.0,74.0
Victor Cruz,NYG,WR,27.0,14.0,12.0,0.0,0.0,0.0,0.0,0.0,0.0,0.0,,0.0,122.0,73.0,998.0,13.67,4.0,,,122.0,195.0,198.8,158.3,,30.0,75.0
Coby Fleener,IND,TE,25.0,16.0,12.0,0.0,0.0,0.0,0.0,0.0,0.0,0.0,,0.0,87.0,52.0,608.0,11.69,4.0,2.0,,89.0,141.0,143.8,114.8,,12.0,76.0
Kyle Juszczyk,BAL,,22.0,16.0,0.0,0.0,0.0,0.0,0.0,0.0,0.0,0.0,,0.0,1.0,0.0,0.0,,0.0,,,,,,,,1.0,77.0
Andre Ellington,ARI,RB,24.0,15.0,1.0,0.0,0.0,0.0,0.0,0.0,118.0,652.0,5.53,3.0,57.0,39.0,371.0,9.51,1.0,,,126.0,165.0,171.3,145.8,,24.0,78.0
Ben Roethlisberger,PIT,QB,31.0,16.0,16.0,375.0,584.0,4261.0,28.0,14.0,27.0,99.0,3.67,1.0,0.0,0.0,5.0,,0.0,,,261.0,259.0,281.8,272.8,,12.0,
Alex Smith,KAN,QB,29.0,15.0,15.0,308.0,508.0,3313.0,23.0,7.0,76.0,431.0,5.67,1.0,1.0,1.0,-4.0,-4.0,0.0,,,253.0,254.0,270.2,260.7,,13.0,
Tom Brady,NWE,QB,36.0,16.0,16.0,380.0,628.0,4343.0,25.0,11.0,32.0,18.0,0.56,0.0,0.0,0.0,0.0,,0.0,,2.0,252.0,252.0,268.5,262.5,,14.0,
Matt Ryan,ATL,QB,28.0,16.0,16.0,439.0,651.0,4515.0,26.0,17.0,17.0,55.0,3.24,0.0,0.0,0.0,0.0,,0.0,,,248.0,248.0,272.1,265.1,,15.0,
Ryan Tannehill,MIA,QB,25.0,16.0,16.0,355.0,588.0,3913.0,24.0,17.0,40.0,238.0,5.95,1.0,0.0,0.0,0.0,,0.0,,,240.0,238.0,266.3,255.3,,16.0,
Carson Palmer,ARI,QB,34.0,16.0,16.0,362.0,572.0,4274.0,24.0,22.0,27.0,3.0,0.11,0.0,0.0,0.0,0.0,,0.0,,,221.0,217.0,245.3,239.3,,17.0,
Robert Griffin,WAS,QB,23.0,13.0,13.0,274.0,456.0,3203.0,16.0,12.0,86.0,489.0,5.69,0.0,0.0,0.0,0.0,,0.0,1.0,1.0,217.0,213.0,235.0,225.0,,18.0,
Joe Flacco,BAL,QB,28.0,16.0,16.0,362.0,614.0,3912.0,19.0,22.0,27.0,131.0,4.85,1.0,0.0,0.0,0.0,,0.0,,2.0,208.0,208.0,237.6,229.6,,19.0,
Geno Smith,NYJ,QB,23.0,16.0,16.0,247.0,443.0,3046.0,12.0,21.0,72.0,366.0,5.08,6.0,1.0,1.0,13.0,13.0,0.0,,,194.0,195.0,225.7,215.2,,20.0,
Aaron Rodgers,GNB,QB,30.0,9.0,9.0,193.0,290.0,2536.0,17.0,6.0,30.0,120.0,4.0,0.0,0.0,0.0,0.0,,0.0,,,171.0,169.0,181.4,175.4,,21.0,
Eli Manning,NYG,QB,32.0,16.0,16.0,317.0,551.0,3818.0,18.0,27.0,18.0,36.0,2.0,0.0,0.0,0.0,0.0,,0.0,,,170.0,170.0,202.3,197.3,,22.0,
,,,,,,,,,,,,,,,,,,,,,,,,,,,,
Jay Cutler,CHI,QB,30.0,11.0,11.0,224.0,355.0,2621.0,19.0,12.0,23.0,118.0,5.13,0.0,0.0,0.0,0.0,,0.0,,3.0,169.0,169.0,189.6,180.6,,23.0,
Ryan Fitzpatrick,TEN,QB,31.0,11.0,9.0,217.0,350.0,2454.0,14.0,12.0,43.0,225.0,5.23,3.0,1.0,1.0,0.0,0.0,0.0,,,167.0,168.0,187.7,179.2,,24.0,
Chad Henne,JAX,QB,28.0,15.0,13.0,305.0,503.0,3241.0,13.0,14.0,27.0,77.0,2.85,0.0,0.0,0.0,0.0,,0.0,,,165.0,161.0,178.3,175.3,,25.0,
Mike Glennon,TAM,QB,24.0,13.0,13.0,247.0,416.0,2608.0,19.0,9.0,27.0,37.0,1.37,0.0,0.0,0.0,0.0,,0.0,,,158.0,158.0,174.0,167.0,,26.0,
Terrelle Pryor,OAK,QB,24.0,11.0,9.0,156.0,272.0,1798.0,7.0,11.0,83.0,576.0,6.94,2.0,0.0,0.0,0.0,,0.0,,,144.0,144.0,162.5,154.5,,27.0,
Josh McCown,CHI,QB,34.0,8.0,5.0,149.0,224.0,1829.0,13.0,1.0,13.0,69.0,5.31,1.0,0.0,0.0,0.0,,0.0,,1.0,136.0,136.0,141.1,137.1,,28.0,
EJ Manuel,BUF,QB,23.0,10.0,10.0,180.0,306.0,1972.0,11.0,9.0,53.0,186.0,3.51,2.0,0.0,0.0,0.0,,0.0,,2.0,133.0,133.0,151.5,142.5,,29.0,
Rashard Mendenhall,ARI,RB,26.0,15.0,15.0,0.0,0.0,0.0,0.0,0.0,217.0,687.0,3.17,8.0,21.0,18.0,134.0,7.44,0.0,1.0,,126.0,144.0,153.1,135.1,,25.0,
Donald Brown,IND,RB,26.0,16.0,5.0,0.0,0.0,0.0,0.0,0.0,102.0,537.0,5.26,6.0,35.0,27.0,214.0,7.93,2.0,,,123.0,150.0,156.1,136.6,,26.0,
C.J. Spiller,BUF,RB,26.0,15.0,10.0,0.0,0.0,0.0,0.0,0.0,202.0,933.0,4.62,2.0,41.0,33.0,185.0,5.61,0.0,,,122.0,155.0,161.8,138.3,,27.0,
Jerricho Cotchery,PIT,WR,31.0,16.0,6.0,0.0,0.0,0.0,0.0,0.0,1.0,-5.0,-5.0,0.0,76.0,46.0,602.0,13.09,10.0,,,120.0,166.0,168.7,142.7,,32.0,
Ray Rice,BAL,RB,26.0,15.0,15.0,0.0,0.0,0.0,0.0,0.0,214.0,660.0,3.08,4.0,72.0,58.0,321.0,5.53,0.0,1.0,,120.0,178.0,186.1,149.1,,28.0,
Stevan Ridley,NWE,RB,24.0,14.0,6.0,0.0,0.0,0.0,0.0,0.0,178.0,773.0,4.34,7.0,12.0,10.0,62.0,6.2,0.0,,,120.0,128.0,134.5,122.5,,29.0,
Kendall Wright,TEN,WR,24.0,16.0,12.0,0.0,0.0,0.0,0.0,0.0,0.0,0.0,,0.0,139.0,94.0,1079.0,11.48,2.0,,,120.0,214.0,216.9,166.9,,31.0,
LeGarrette Blount,NWE,RB,27.0,16.0,7.0,0.0,0.0,0.0,0.0,0.0,153.0,772.0,5.05,7.0,5.0,2.0,38.0,19.0,0.0,,,119.0,121.0,126.0,120.0,,30.0,
Sam Bradford,STL,QB,26.0,7.0,7.0,159.0,262.0,1687.0,14.0,4.0,15.0,31.0,2.07,0.0,0.0,0.0,0.0,,0.0,1.0,,119.0,119.0,126.6,122.6,,30.0,
Emmanuel Sanders,PIT,WR,26.0,16.0,10.0,0.0,0.0,0.0,0.0,0.0,1.0,25.0,25.0,0.0,113.0,67.0,740.0,11.04,6.0,1.0,,117.0,182.0,184.5,148.0,,33.0,
BenJarvus Green-Ellis,CIN,RB,28.0,16.0,16.0,0.0,0.0,0.0,0.0,0.0,220.0,756.0,3.44,7.0,8.0,4.0,22.0,5.5,0.0,,,116.0,120.0,124.8,117.8,,31.0,
Jason Campbell,CLE,QB,32.0,9.0,8.0,180.0,317.0,2015.0,11.0,8.0,14.0,107.0,7.64,0.0,0.0,0.0,0.0,,0.0,,,115.0,115.0,131.3,123.3,,31.0,
Harry Douglas,ATL,WR,29.0,16.0,11.0,0.0,0.0,0.0,0.0,0.0,0.0,0.0,,0.0,132.0,85.0,1067.0,12.55,2.0,,,115.0,200.0,204.7,157.2,,34.0,
Steven Jackson,ATL,RB,30.0,12.0,12.0,0.0,0.0,0.0,0.0,0.0,157.0,543.0,3.46,6.0,49.0,33.0,191.0,5.79,1.0,,,115.0,148.0,154.4,131.9,,32.0,
Rod Streater,OAK,WR,25.0,16.0,14.0,0.0,0.0,0.0,0.0,0.0,2.0,17.0,8.5,0.0,100.0,60.0,888.0,14.8,4.0,,,113.0,173.0,176.5,142.5,,35.0,
Eddie Royal,SDG,WR,27.0,15.0,3.0,0.0,0.0,0.0,0.0,0.0,3.0,21.0,7.0,0.0,68.0,47.0,631.0,13.43,8.0,,,111.0,158.0,162.2,134.7,,36.0,
Ben Tate,HOU,RB,25.0,14.0,7.0,0.0,0.0,0.0,0.0,0.0,181.0,771.0,4.26,4.0,49.0,34.0,140.0,4.12,0.0,,,111.0,145.0,153.1,128.1,,33.0,
Doug Baldwin,SEA,WR,25.0,16.0,9.0,0.0,0.0,0.0,0.0,0.0,2.0,6.0,3.0,0.0,72.0,50.0,778.0,15.56,5.0,,,110.0,158.0,161.4,133.4,,37.0,
Matt Cassel,MIN,QB,31.0,9.0,6.0,153.0,254.0,1807.0,11.0,9.0,18.0,57.0,3.17,1.0,0.0,0.0,0.0,,0.0,,,110.0,108.0,121.0,117.0,,32.0,
Trent Richardson,2TM,RB,23.0,16.0,10.0,0.0,0.0,0.0,0.0,0.0,188.0,563.0,2.99,3.0,52.0,35.0,316.0,9.03,1.0,,,110.0,145.0,151.9,127.4,,34.0,
Nate Washington,TEN,WR,30.0,16.0,15.0,0.0,0.0,0.0,0.0,0.0,0.0,0.0,,0.0,105.0,58.0,919.0,15.84,3.0,,,110.0,168.0,170.9,138.9,,38.0,
Christian Ponder,MIN,QB,25.0,9.0,9.0,152.0,239.0,1648.0,7.0,9.0,34.0,151.0,4.44,4.0,0.0,0.0,0.0,,0.0,,,107.0,107.0,126.0,116.0,,33.0,
Greg Jennings,MIN,WR,30.0,15.0,15.0,0.0,0.0,0.0,0.0,0.0,0.0,0.0,,0.0,106.0,68.0,804.0,11.82,4.0,,,106.0,172.0,175.4,138.4,,39.0,
,,,,,,,,,,,,,,,,,,,,,,,,,,,,
Cordarrelle Patterson,MIN,WR,22.0,16.0,6.0,0.0,0.0,0.0,0.0,0.0,12.0,158.0,13.17,3.0,77.0,45.0,469.0,10.42,4.0,,,105.0,150.0,167.7,139.2,,40.0,
Matt Schaub,HOU,QB,32.0,10.0,8.0,219.0,358.0,2310.0,10.0,14.0,5.0,24.0,4.8,0.0,0.0,0.0,0.0,,0.0,,,105.0,105.0,122.8,118.8,,34.0,
Case Keenum,HOU,QB,25.0,8.0,8.0,137.0,253.0,1760.0,9.0,6.0,14.0,72.0,5.14,1.0,0.0,0.0,0.0,,0.0,,,104.0,104.0,114.6,109.6,,35.0,
Bilal Powell,NYJ,RB,25.0,16.0,11.0,1.0,1.0,30.0,0.0,0.0,176.0,697.0,3.96,1.0,57.0,36.0,272.0,7.56,0.0,,,104.0,140.0,146.1,122.1,,35.0,
Chris Ivory,NYJ,RB,25.0,15.0,6.0,0.0,0.0,0.0,0.0,0.0,182.0,833.0,4.58,3.0,7.0,2.0,10.0,5.0,0.0,,,102.0,104.0,107.3,103.3,,37.0,
Darren Sproles,NOR,RB,30.0,15.0,4.0,0.0,0.0,0.0,0.0,0.0,53.0,220.0,4.15,2.0,89.0,71.0,604.0,8.51,2.0,,,102.0,173.0,181.4,137.9,,36.0,
Terrance Williams,DAL,WR,24.0,16.0,8.0,0.0,0.0,0.0,0.0,0.0,3.0,4.0,1.33,0.0,74.0,44.0,736.0,16.73,5.0,1.0,,102.0,146.0,151.0,124.0,,41.0,
Michael Vick,PHI,QB,33.0,7.0,6.0,77.0,141.0,1215.0,5.0,3.0,36.0,306.0,8.5,2.0,0.0,0.0,-2.0,,0.0,,,101.0,101.0,112.0,104.0,,36.0,
James Jones,GNB,WR,29.0,14.0,14.0,0.0,0.0,0.0,0.0,0.0,0.0,0.0,,0.0,93.0,59.0,817.0,13.85,3.0,,,100.0,157.0,160.7,127.2,,42.0,
Jake Locker,TEN,QB,25.0,7.0,7.0,111.0,183.0,1256.0,8.0,4.0,24.0,155.0,6.46,2.0,0.0,0.0,0.0,,0.0,,,100.0,100.0,110.7,103.7,,37.0,
Denarius Moore,OAK,WR,25.0,13.0,10.0,0.0,0.0,0.0,0.0,0.0,0.0,0.0,,0.0,86.0,46.0,695.0,15.11,5.0,,,100.0,146.0,148.5,122.5,,43.0,
Steve Smith,CAR,WR,34.0,15.0,15.0,0.0,0.0,0.0,0.0,0.0,0.0,0.0,,0.0,110.0,64.0,745.0,11.64,4.0,,,99.0,163.0,165.5,130.5,,44.0,
Lamar Miller,MIA,RB,22.0,16.0,15.0,0.0,0.0,0.0,0.0,0.0,177.0,709.0,4.01,2.0,35.0,26.0,170.0,6.54,0.0,,,98.0,124.0,130.9,110.9,,38.0,
Dwayne Bowe,KAN,WR,29.0,15.0,15.0,0.0,0.0,0.0,0.0,0.0,0.0,0.0,,0.0,103.0,57.0,673.0,11.81,5.0,,,97.0,154.0,157.3,125.8,,45.0,
Mike Tolbert,CAR,RB,28.0,16.0,13.0,0.0,0.0,0.0,0.0,0.0,101.0,361.0,3.57,5.0,33.0,27.0,184.0,6.81,2.0,,,97.0,124.0,129.5,110.0,,39.0,
Marlon Brown,BAL,WR,22.0,14.0,12.0,0.0,0.0,0.0,0.0,0.0,1.0,-2.0,-2.0,0.0,82.0,49.0,524.0,10.69,7.0,1.0,,96.0,145.0,148.2,120.7,,46.0,
Cecil Shorts,JAX,WR,26.0,13.0,13.0,0.0,0.0,0.0,0.0,0.0,0.0,0.0,,0.0,123.0,66.0,777.0,11.77,3.0,,,96.0,162.0,164.7,128.7,,47.0,
Bobby Rainey,2TM,RB,26.0,15.0,6.0,0.0,1.0,0.0,0.0,0.0,150.0,566.0,3.77,5.0,19.0,15.0,46.0,3.07,1.0,,,95.0,110.0,114.2,102.7,,40.0,
Rueben Randle,NYG,WR,22.0,16.0,3.0,0.0,0.0,0.0,0.0,0.0,0.0,0.0,,0.0,78.0,41.0,611.0,14.9,6.0,,,95.0,136.0,140.1,115.6,,49.0,
Kenny Stills,NOR,WR,21.0,16.0,10.0,0.0,0.0,0.0,0.0,0.0,3.0,10.0,3.33,0.0,50.0,32.0,641.0,20.03,5.0,,,95.0,127.0,130.1,111.1,,48.0,
Brandon LaFell,CAR,WR,27.0,16.0,16.0,0.0,0.0,0.0,0.0,0.0,2.0,15.0,7.5,0.0,85.0,49.0,627.0,12.8,5.0,,,94.0,143.0,146.2,118.7,,50.0,
Shane Vereen,NWE,RB,24.0,8.0,1.0,0.0,0.0,0.0,0.0,0.0,44.0,208.0,4.73,1.0,69.0,47.0,427.0,9.09,3.0,,,92.0,135.0,140.5,111.0,,41.0,
DeAndre Hopkins,HOU,WR,21.0,16.0,16.0,0.0,0.0,0.0,0.0,0.0,0.0,0.0,,0.0,91.0,52.0,802.0,15.42,2.0,,,90.0,142.0,146.2,116.2,,51.0,
Hakeem Nicks,NYG,WR,25.0,15.0,15.0,0.0,0.0,0.0,0.0,0.0,0.0,0.0,,0.0,101.0,56.0,896.0,16.0,0.0,,,90.0,146.0,148.6,117.6,,52.0,
Brandon Weeden,CLE,QB,30.0,8.0,5.0,141.0,267.0,1731.0,9.0,9.0,12.0,44.0,3.67,0.0,0.0,0.0,0.0,,0.0,,1.0,90.0,90.0,103.6,98.6,,38.0,
Ted Ginn,CAR,WR,28.0,16.0,2.0,0.0,0.0,0.0,0.0,0.0,4.0,29.0,7.25,0.0,68.0,36.0,556.0,15.44,5.0,,,89.0,125.0,127.5,106.5,,53.0,
Jacquizz Rodgers,ATL,RB,23.0,15.0,4.0,0.0,0.0,0.0,0.0,0.0,96.0,332.0,3.46,2.0,63.0,52.0,341.0,6.56,2.0,,,89.0,141.0,148.3,115.3,,42.0,
Montee Ball,DEN,RB,23.0,16.0,0.0,0.0,0.0,0.0,0.0,0.0,120.0,559.0,4.66,4.0,27.0,20.0,145.0,7.25,0.0,,,88.0,108.0,117.4,98.4,,43.0,
Kellen Clemens,STL,QB,30.0,10.0,9.0,142.0,242.0,1673.0,8.0,7.0,23.0,64.0,2.78,0.0,0.0,0.0,0.0,,0.0,,1.0,87.0,85.0,99.3,92.3,,39.0,
Arian Foster,HOU,RB,27.0,8.0,8.0,0.0,0.0,0.0,0.0,0.0,121.0,542.0,4.48,1.0,35.0,22.0,183.0,8.32,1.0,1.0,,87.0,109.0,114.5,97.5,,44.0,
,,,,,,,,,,,,,,,,,,,,,,,,,,,,
Roddy White,ATL,WR,32.0,13.0,13.0,0.0,0.0,0.0,0.0,0.0,0.0,0.0,,0.0,97.0,63.0,711.0,11.29,3.0,,,87.0,150.0,154.1,118.6,,54.0,
Tim Wright,TAM,TE,23.0,16.0,8.0,0.0,0.0,0.0,0.0,0.0,1.0,2.0,2.0,0.0,76.0,54.0,571.0,10.57,5.0,,,87.0,141.0,144.3,114.3,,13.0,
Jarrett Boykin,GNB,WR,24.0,16.0,8.0,0.0,0.0,0.0,0.0,0.0,0.0,0.0,,0.0,83.0,49.0,681.0,13.9,3.0,,,86.0,135.0,144.1,116.6,,55.0,
Tavon Austin,STL,WR,23.0,13.0,3.0,0.0,1.0,0.0,0.0,0.0,9.0,151.0,16.78,1.0,69.0,40.0,418.0,10.45,4.0,,,85.0,125.0,137.9,110.9,,56.0,
Brent Celek,PHI,TE,28.0,16.0,15.0,0.0,0.0,0.0,0.0,0.0,0.0,0.0,,0.0,51.0,32.0,502.0,15.69,6.0,,,84.0,116.0,120.2,100.2,,14.0,
Garrett Graham,HOU,TE,27.0,13.0,11.0,0.0,0.0,0.0,0.0,0.0,0.0,0.0,,0.0,89.0,49.0,545.0,11.12,5.0,,,83.0,132.0,135.5,107.0,,16.0,
Rob Gronkowski,NWE,TE,24.0,7.0,6.0,0.0,0.0,0.0,0.0,0.0,0.0,0.0,,0.0,66.0,39.0,592.0,15.18,4.0,,,83.0,122.0,125.2,102.7,,15.0,
Daniel Thomas,MIA,RB,26.0,15.0,1.0,0.0,0.0,0.0,0.0,0.0,109.0,406.0,3.72,4.0,17.0,15.0,63.0,4.2,2.0,,,83.0,98.0,100.9,90.4,,45.0,
James Starks,GNB,RB,27.0,13.0,1.0,0.0,0.0,0.0,0.0,0.0,89.0,493.0,5.54,3.0,13.0,10.0,89.0,8.9,1.0,,,82.0,92.0,95.2,87.2,,46.0,
Darren McFadden,OAK,RB,26.0,10.0,7.0,1.0,1.0,16.0,1.0,0.0,114.0,379.0,3.32,5.0,25.0,17.0,108.0,6.35,0.0,,,81.0,98.0,105.3,89.8,,47.0,
Marcel Reece,OAK,RB,28.0,16.0,15.0,1.0,1.0,22.0,0.0,0.0,46.0,218.0,4.74,2.0,54.0,32.0,331.0,10.34,2.0,,,80.0,112.0,117.8,95.8,,48.0,
Robert Woods,BUF,WR,21.0,14.0,14.0,0.0,0.0,0.0,0.0,0.0,2.0,16.0,8.0,0.0,85.0,40.0,587.0,14.68,3.0,1.0,,80.0,120.0,123.3,100.3,,57.0,
Steve Johnson,BUF,WR,27.0,12.0,12.0,0.0,0.0,0.0,0.0,0.0,1.0,10.0,10.0,0.0,101.0,52.0,597.0,11.48,3.0,1.0,,79.0,131.0,134.7,104.7,,58.0,
Matt McGloin,OAK,QB,24.0,7.0,6.0,118.0,211.0,1547.0,8.0,8.0,11.0,27.0,2.45,0.0,0.0,0.0,0.0,,0.0,,,79.0,79.0,90.6,86.6,,40.0,
Jerome Simpson,MIN,WR,27.0,16.0,8.0,0.0,0.0,0.0,0.0,0.0,0.0,0.0,,0.0,100.0,48.0,726.0,15.13,1.0,,,79.0,127.0,129.6,102.6,,59.0,
Matt Flynn,3TM,QB,28.0,9.0,5.0,124.0,200.0,1392.0,8.0,5.0,20.0,65.0,3.25,0.0,0.0,0.0,0.0,,0.0,,,78.0,72.0,86.2,77.2,,41.0,
Roy Helu,WAS,RB,25.0,16.0,0.0,0.0,0.0,0.0,0.0,0.0,62.0,274.0,4.42,4.0,42.0,31.0,251.0,8.1,0.0,,,77.0,108.0,113.5,92.0,,49.0,
Scott Chandler,BUF,TE,28.0,16.0,7.0,0.0,0.0,0.0,0.0,0.0,0.0,0.0,,0.0,81.0,53.0,655.0,12.36,2.0,,,76.0,129.0,132.5,102.0,,18.0,
Aaron Dobson,NWE,WR,22.0,12.0,9.0,0.0,0.0,0.0,0.0,0.0,0.0,0.0,,0.0,72.0,37.0,519.0,14.03,4.0,,,76.0,113.0,115.9,94.4,,60.0,
Brandon Myers,NYG,TE,28.0,16.0,14.0,0.0,0.0,0.0,0.0,0.0,0.0,0.0,,0.0,76.0,47.0,522.0,11.11,4.0,,,76.0,123.0,126.2,99.7,,17.0,
Danny Amendola,NWE,WR,28.0,12.0,6.0,0.0,0.0,0.0,0.0,0.0,1.0,1.0,1.0,0.0,83.0,54.0,633.0,11.72,2.0,,,75.0,129.0,132.4,102.4,,61.0,
Randall Cobb,GNB,WR,23.0,6.0,4.0,0.0,0.0,0.0,0.0,0.0,4.0,78.0,19.5,0.0,47.0,31.0,433.0,13.97,4.0,,,75.0,106.0,109.1,90.6,,62.0,
Andre Brown,NYG,RB,27.0,8.0,8.0,0.0,0.0,0.0,0.0,0.0,139.0,492.0,3.54,3.0,29.0,20.0,103.0,5.15,0.0,1.0,,74.0,94.0,102.5,83.5,,50.0,
Zach Ertz,PHI,TE,23.0,16.0,3.0,0.0,0.0,0.0,0.0,0.0,0.0,0.0,,0.0,57.0,36.0,469.0,13.03,4.0,,,73.0,107.0,109.9,88.9,,19.0,
Jordan Reed,WAS,TE,23.0,9.0,4.0,0.0,0.0,0.0,0.0,0.0,1.0,18.0,18.0,0.0,59.0,45.0,499.0,11.09,3.0,,,72.0,115.0,117.7,92.2,,20.0,
Jeremy Kerley,NYJ,WR,25.0,12.0,8.0,0.0,1.0,0.0,0.0,0.0,4.0,11.0,2.75,0.0,72.0,43.0,523.0,12.16,3.0,,,71.0,114.0,117.4,92.9,,63.0,
Kenbrell Thompkins,NWE,WR,25.0,12.0,8.0,0.0,0.0,0.0,0.0,0.0,0.0,0.0,,0.0,69.0,32.0,466.0,14.56,4.0,,,71.0,103.0,105.6,86.6,,64.0,
Donnie Avery,KAN,WR,29.0,16.0,14.0,0.0,0.0,0.0,0.0,0.0,2.0,6.0,3.0,0.0,71.0,40.0,596.0,14.9,2.0,,,70.0,110.0,114.2,90.2,,65.0,
Julio Jones,ATL,WR,24.0,5.0,5.0,0.0,0.0,0.0,0.0,0.0,1.0,7.0,7.0,0.0,59.0,41.0,580.0,14.15,2.0,,,69.0,110.0,113.7,89.2,,66.0,
Zach Miller,SEA,TE,28.0,14.0,12.0,0.0,0.0,0.0,0.0,0.0,0.0,0.0,,0.0,56.0,33.0,387.0,11.73,5.0,,,69.0,102.0,104.7,85.2,,21.0,
,,,,,,,,,,,,,,,,,,,,,,,,,,,,
Chris Ogbonnaya,CLE,RB,27.0,16.0,7.0,0.0,0.0,0.0,0.0,0.0,49.0,240.0,4.9,0.0,74.0,48.0,343.0,7.15,2.0,,,68.0,114.0,122.3,90.3,,51.0,
Tiquan Underwood,TAM,WR,26.0,12.0,7.0,0.0,0.0,0.0,0.0,0.0,0.0,0.0,,0.0,46.0,24.0,440.0,18.33,4.0,,,68.0,92.0,95.0,80.0,,67.0,
Joseph Fauria,DET,TE,23.0,16.0,2.0,0.0,0.0,0.0,0.0,0.0,0.0,0.0,,0.0,30.0,18.0,207.0,11.5,7.0,1.0,,67.0,83.0,85.7,73.7,,22.0,
Bernard Pierce,BAL,RB,22.0,16.0,1.0,0.0,0.0,0.0,0.0,0.0,152.0,436.0,2.87,2.0,25.0,20.0,104.0,5.2,0.0,,,66.0,86.0,92.0,76.0,,52.0,
Mychal Rivera,OAK,TE,23.0,16.0,3.0,0.0,0.0,0.0,0.0,0.0,0.0,0.0,,0.0,60.0,38.0,407.0,10.71,4.0,,,65.0,103.0,105.7,83.7,,23.0,
Reggie Wayne,IND,WR,35.0,7.0,7.0,0.0,0.0,0.0,0.0,0.0,1.0,5.0,5.0,0.0,58.0,38.0,503.0,13.24,2.0,1.0,,65.0,103.0,105.8,83.8,,68.0,
Jeff Cumberland,NYJ,TE,26.0,15.0,12.0,0.0,0.0,0.0,0.0,0.0,0.0,0.0,,0.0,40.0,26.0,398.0,15.31,4.0,,,64.0,90.0,92.8,76.8,,25.0,
Jermaine Gresham,CIN,TE,25.0,14.0,14.0,0.0,0.0,0.0,0.0,0.0,0.0,0.0,,0.0,68.0,46.0,458.0,9.96,4.0,,,64.0,110.0,115.8,86.8,,24.0,
Dexter McCluster,KAN,WR,24.0,15.0,6.0,0.0,0.0,0.0,0.0,0.0,8.0,5.0,0.63,0.0,83.0,53.0,511.0,9.64,2.0,,,64.0,117.0,131.6,102.1,,70.0,
Austin Pettis,STL,WR,25.0,16.0,6.0,0.0,0.0,0.0,0.0,0.0,0.0,0.0,,0.0,63.0,38.0,399.0,10.5,4.0,,,64.0,102.0,104.9,82.9,,69.0,
Heath Miller,PIT,TE,31.0,14.0,14.0,0.0,0.0,0.0,0.0,0.0,0.0,0.0,,0.0,79.0,58.0,593.0,10.22,1.0,,,63.0,121.0,125.3,92.3,,26.0,
Jason Snelling,ATL,RB,30.0,14.0,1.0,0.0,0.0,0.0,0.0,0.0,44.0,164.0,3.73,1.0,34.0,29.0,216.0,7.45,3.0,,,62.0,91.0,97.0,76.5,,53.0,
Kris Durham,DET,WR,25.0,16.0,13.0,0.0,0.0,0.0,0.0,0.0,0.0,0.0,,0.0,85.0,38.0,490.0,12.89,2.0,,,61.0,97.0,101.0,78.0,,72.0,
Jarius Wright,MIN,WR,24.0,16.0,3.0,0.0,0.0,0.0,0.0,0.0,0.0,0.0,,0.0,43.0,26.0,434.0,16.69,3.0,,,61.0,87.0,90.4,74.4,,71.0,
Brandon Bolden,NWE,RB,23.0,12.0,2.0,0.0,0.0,0.0,0.0,0.0,55.0,271.0,4.93,3.0,29.0,21.0,152.0,7.24,0.0,,,60.0,81.0,87.3,70.8,,54.0,
Ace Sanders,JAX,WR,22.0,15.0,4.0,1.0,1.0,21.0,1.0,0.0,2.0,4.0,2.0,0.0,87.0,51.0,484.0,9.49,1.0,,,60.0,111.0,113.6,85.1,,73.0,
Justin Hunter,TEN,WR,22.0,14.0,0.0,0.0,0.0,0.0,0.0,0.0,0.0,0.0,,0.0,42.0,18.0,354.0,19.67,4.0,,,59.0,77.0,80.4,68.4,,74.0,
Thaddeus Lewis,BUF,QB,28.0,6.0,5.0,93.0,157.0,1092.0,4.0,3.0,24.0,52.0,2.17,1.0,0.0,0.0,0.0,,0.0,,,59.0,59.0,67.9,61.9,,42.0,
Greg Little,CLE,WR,24.0,16.0,13.0,0.0,0.0,0.0,0.0,0.0,0.0,0.0,,0.0,99.0,41.0,465.0,11.34,2.0,,,59.0,100.0,102.5,79.0,,76.0,
Andre Roberts,ARI,WR,25.0,16.0,2.0,0.0,0.0,0.0,0.0,0.0,0.0,0.0,,0.0,76.0,43.0,471.0,10.95,2.0,,,59.0,102.0,105.1,80.6,,75.0,
Jacoby Jones,BAL,WR,29.0,12.0,9.0,0.0,0.0,0.0,0.0,0.0,2.0,0.0,0.0,0.0,68.0,37.0,455.0,12.3,2.0,,,58.0,95.0,103.5,82.0,,78.0,
Marcedes Lewis,JAX,TE,29.0,11.0,11.0,0.0,0.0,0.0,0.0,0.0,0.0,0.0,,0.0,47.0,25.0,359.0,14.36,4.0,,,58.0,83.0,86.9,70.4,,27.0,
Mohamed Sanu,CIN,WR,24.0,16.0,14.0,1.0,1.0,25.0,0.0,0.0,4.0,16.0,4.0,0.0,77.0,47.0,455.0,9.68,2.0,,,58.0,105.0,109.1,81.6,,77.0,
Tyler Eifert,CIN,TE,23.0,15.0,15.0,0.0,0.0,0.0,0.0,0.0,0.0,0.0,,0.0,60.0,39.0,445.0,11.41,2.0,,,57.0,96.0,98.5,76.0,,28.0,
Shonn Greene,TEN,RB,28.0,11.0,0.0,0.0,0.0,0.0,0.0,0.0,77.0,295.0,3.83,4.0,8.0,6.0,39.0,6.5,0.0,,,57.0,63.0,66.4,60.4,,55.0,
Jermaine Kearse,SEA,WR,23.0,15.0,5.0,0.0,0.0,0.0,0.0,0.0,0.0,0.0,,0.0,38.0,22.0,346.0,15.73,4.0,,,57.0,79.0,82.6,67.6,,80.0,
Rishard Matthews,MIA,WR,24.0,16.0,5.0,0.0,0.0,0.0,0.0,0.0,0.0,0.0,,0.0,67.0,41.0,448.0,10.93,2.0,,,57.0,98.0,100.8,77.3,,79.0,
Chris Givens,STL,WR,24.0,16.0,13.0,0.0,0.0,0.0,0.0,0.0,3.0,8.0,2.67,0.0,83.0,34.0,569.0,16.74,0.0,,,56.0,90.0,93.7,72.7,,82.0,
Ladarius Green,SDG,TE,23.0,16.0,10.0,0.0,0.0,0.0,0.0,0.0,0.0,0.0,,0.0,30.0,17.0,376.0,22.12,3.0,,,56.0,73.0,75.6,64.1,,29.0,
Leonard Hankerson,WAS,WR,25.0,10.0,7.0,0.0,0.0,0.0,0.0,0.0,0.0,0.0,,0.0,50.0,30.0,375.0,12.5,3.0,,,56.0,86.0,88.5,70.5,,84.0,
,,,,,,,,,,,,,,,,,,,,,,,,,,,,
Doug Martin,TAM,RB,24.0,6.0,6.0,0.0,0.0,0.0,0.0,0.0,127.0,456.0,3.59,1.0,24.0,12.0,66.0,5.5,0.0,,,56.0,68.0,72.2,62.2,,56.0,
Lance Moore,NOR,WR,30.0,13.0,5.0,0.0,0.0,0.0,0.0,0.0,0.0,0.0,,0.0,54.0,37.0,457.0,12.35,2.0,,,56.0,93.0,96.7,74.2,,83.0,
Santana Moss,WAS,WR,34.0,16.0,1.0,0.0,0.0,0.0,0.0,0.0,3.0,25.0,8.33,0.0,79.0,42.0,452.0,10.76,2.0,,,56.0,98.0,102.7,76.7,,81.0,
Jason Avant,PHI,WR,30.0,16.0,13.0,0.0,0.0,0.0,0.0,0.0,0.0,0.0,,0.0,77.0,38.0,447.0,11.76,2.0,,,55.0,93.0,96.7,73.7,,85.0,
Mike Brown,JAX,WR,24.0,11.0,6.0,0.0,0.0,0.0,0.0,0.0,0.0,0.0,,0.0,56.0,32.0,446.0,13.94,2.0,,,55.0,87.0,90.6,70.6,,87.0,
Jerrel Jernigan,NYG,WR,24.0,15.0,3.0,0.0,0.0,0.0,0.0,0.0,2.0,57.0,28.5,1.0,45.0,29.0,329.0,11.34,2.0,,,55.0,84.0,87.6,69.1,,86.0,
Jordan Todman,JAX,RB,23.0,16.0,2.0,0.0,0.0,0.0,0.0,0.0,76.0,256.0,3.37,2.0,26.0,14.0,116.0,8.29,1.0,,,55.0,69.0,75.2,62.2,,57.0,
Bryce Brown,PHI,RB,22.0,16.0,1.0,0.0,0.0,0.0,0.0,0.0,75.0,314.0,4.19,2.0,13.0,8.0,84.0,10.5,0.0,1.0,,54.0,62.0,64.8,57.8,,58.0,
Knile Davis,KAN,RB,22.0,16.0,1.0,0.0,0.0,0.0,0.0,0.0,70.0,242.0,3.46,4.0,15.0,11.0,75.0,6.82,0.0,,,54.0,65.0,74.7,65.2,,59.0,
David Nelson,NYJ,WR,27.0,12.0,6.0,0.0,0.0,0.0,0.0,0.0,0.0,0.0,,0.0,60.0,36.0,423.0,11.75,2.0,,,54.0,90.0,93.3,72.3,,88.0,
Vincent Brown,SDG,WR,24.0,16.0,12.0,0.0,0.0,0.0,0.0,0.0,0.0,0.0,,0.0,70.0,41.0,472.0,11.51,1.0,,,53.0,94.0,97.2,73.7,,89.0,
Kendall Hunter,SFO,RB,25.0,16.0,0.0,0.0,0.0,0.0,0.0,0.0,78.0,358.0,4.59,3.0,4.0,2.0,13.0,6.5,0.0,,,53.0,55.0,65.1,60.1,,61.0,
Mark Ingram,NOR,RB,24.0,11.0,3.0,0.0,0.0,0.0,0.0,0.0,78.0,386.0,4.95,1.0,11.0,7.0,68.0,9.71,0.0,,,53.0,58.0,61.4,54.9,,60.0,
Dallas Clark,BAL,TE,34.0,12.0,0.0,0.0,0.0,0.0,0.0,0.0,0.0,0.0,,0.0,52.0,31.0,343.0,11.06,3.0,,,52.0,83.0,86.3,67.8,,30.0,
Santonio Holmes,NYJ,WR,29.0,11.0,11.0,0.0,0.0,0.0,0.0,0.0,0.0,0.0,,0.0,59.0,23.0,456.0,19.83,1.0,,,52.0,75.0,77.6,63.1,,90.0,
Brandon Pettigrew,DET,TE,28.0,14.0,14.0,0.0,0.0,0.0,0.0,0.0,0.0,0.0,,0.0,63.0,41.0,416.0,10.15,2.0,,,52.0,93.0,96.6,72.1,,31.0,
Nate Burleson,DET,WR,32.0,9.0,8.0,0.0,0.0,0.0,0.0,0.0,2.0,-8.0,-4.0,0.0,55.0,39.0,461.0,11.82,1.0,,,51.0,90.0,93.3,70.8,,91.0,
Brandon Gibson,MIA,WR,26.0,7.0,3.0,0.0,0.0,0.0,0.0,0.0,0.0,0.0,,0.0,43.0,30.0,326.0,10.87,3.0,,,51.0,81.0,83.6,65.6,,92.0,
Rob Housler,ARI,TE,25.0,13.0,10.0,0.0,0.0,0.0,0.0,0.0,0.0,0.0,,0.0,57.0,39.0,454.0,11.64,1.0,,,51.0,90.0,93.4,70.9,,32.0,
Kellen Winslow,NYJ,TE,30.0,12.0,3.0,0.0,0.0,0.0,0.0,0.0,0.0,0.0,,0.0,47.0,31.0,388.0,12.52,2.0,,,51.0,82.0,84.8,66.3,,33.0,
Earl Bennett,CHI,WR,26.0,15.0,3.0,0.0,0.0,0.0,0.0,0.0,0.0,0.0,,0.0,43.0,32.0,243.0,7.59,4.0,1.0,,50.0,82.0,85.3,66.3,,93.0,
Lance Kendricks,STL,TE,25.0,15.0,13.0,0.0,0.0,0.0,0.0,0.0,0.0,0.0,,0.0,46.0,32.0,258.0,8.06,4.0,,,50.0,82.0,84.8,65.8,,34.0,
Willis McGahee,CLE,RB,32.0,12.0,6.0,0.0,0.0,0.0,0.0,0.0,138.0,377.0,2.73,2.0,11.0,8.0,20.0,2.5,0.0,,,50.0,58.0,61.7,53.7,,62.0,
Cole Beasley,DAL,WR,24.0,14.0,3.0,0.0,0.0,0.0,0.0,0.0,0.0,0.0,,0.0,54.0,39.0,368.0,9.44,2.0,,,49.0,88.0,90.8,68.3,,96.0,
Justin Blackmon,JAX,WR,23.0,4.0,4.0,0.0,0.0,0.0,0.0,0.0,1.0,-1.0,-1.0,0.0,48.0,29.0,415.0,14.31,1.0,,,49.0,76.0,79.4,61.9,,94.0,
Michael Bush,CHI,RB,29.0,15.0,0.0,0.0,0.0,0.0,0.0,0.0,63.0,197.0,3.13,3.0,8.0,4.0,48.0,12.0,1.0,,,49.0,53.0,55.5,50.5,,63.0,
Andre Holmes,OAK,WR,25.0,10.0,4.0,0.0,0.0,0.0,0.0,0.0,0.0,0.0,,0.0,52.0,25.0,431.0,17.24,1.0,,,49.0,74.0,77.1,61.6,,95.0,
Kyle Rudolph,MIN,TE,24.0,8.0,8.0,0.0,0.0,0.0,0.0,0.0,0.0,0.0,,0.0,46.0,30.0,313.0,10.43,3.0,,,49.0,79.0,82.3,64.3,,35.0,
Davone Bess,CLE,WR,28.0,14.0,3.0,0.0,0.0,0.0,0.0,0.0,0.0,0.0,,0.0,86.0,42.0,362.0,8.62,2.0,1.0,,48.0,90.0,94.2,69.2,,97.0,
Jermichael Finley,GNB,TE,26.0,6.0,5.0,0.0,0.0,0.0,0.0,0.0,0.0,0.0,,0.0,34.0,25.0,300.0,12.0,3.0,,,48.0,73.0,76.0,60.5,,36.0,
,,,,,,,,,,,,,,,,,,,,,,,,,,,,
T.J. Graham,BUF,WR,24.0,16.0,6.0,0.0,0.0,0.0,0.0,0.0,4.0,14.0,3.5,0.0,58.0,23.0,361.0,15.7,2.0,,,48.0,71.0,74.5,59.0,,99.0,
Aldrick Robinson,WAS,WR,25.0,16.0,1.0,0.0,0.0,0.0,0.0,0.0,3.0,-4.0,-1.33,0.0,46.0,18.0,365.0,20.28,2.0,,,48.0,66.0,69.1,57.1,,98.0,
Toby Gerhart,MIN,RB,26.0,14.0,0.0,0.0,0.0,0.0,0.0,0.0,36.0,283.0,7.86,2.0,19.0,13.0,88.0,6.77,0.0,,,47.0,60.0,64.1,53.6,,64.0,
Brandon Jacobs,NYG,RB,31.0,7.0,1.0,0.0,0.0,0.0,0.0,0.0,58.0,238.0,4.1,4.0,7.0,2.0,13.0,6.5,0.0,,,47.0,49.0,53.1,48.1,,65.0,
Andrew Quarless,GNB,TE,25.0,16.0,10.0,0.0,0.0,0.0,0.0,0.0,0.0,0.0,,0.0,53.0,32.0,312.0,9.75,2.0,,,47.0,75.0,78.2,59.2,,37.0,
Marquise Goodwin,BUF,WR,23.0,12.0,1.0,0.0,0.0,0.0,0.0,0.0,3.0,13.0,4.33,0.0,32.0,17.0,283.0,16.65,3.0,,,46.0,63.0,66.6,54.1,,100.0,
Darrius Heyward-Bey,IND,WR,26.0,16.0,11.0,0.0,0.0,0.0,0.0,0.0,3.0,26.0,8.67,0.0,64.0,29.0,309.0,10.66,1.0,1.0,,44.0,71.0,73.5,56.0,,102.0,
Peyton Hillis,NYG,RB,27.0,7.0,1.0,0.0,0.0,0.0,0.0,0.0,73.0,247.0,3.38,2.0,21.0,13.0,96.0,7.38,0.0,,,44.0,57.0,61.3,50.8,,66.0,
Robert Meachem,NOR,WR,29.0,15.0,5.0,0.0,0.0,0.0,0.0,0.0,2.0,-1.0,-0.5,0.0,30.0,16.0,324.0,20.25,2.0,,,44.0,60.0,63.3,52.3,,101.0,
Owen Daniels,HOU,TE,31.0,5.0,5.0,0.0,0.0,0.0,0.0,0.0,0.0,0.0,,0.0,41.0,24.0,252.0,10.5,3.0,,,43.0,67.0,70.2,55.2,,38.0,
Sean McGrath,KAN,TE,26.0,16.0,9.0,0.0,0.0,0.0,0.0,0.0,0.0,0.0,,0.0,40.0,26.0,302.0,11.62,2.0,,,42.0,68.0,71.2,55.2,,39.0,
Brian Quick,STL,WR,24.0,16.0,5.0,0.0,0.0,0.0,0.0,0.0,0.0,0.0,,0.0,35.0,18.0,302.0,16.78,2.0,,,42.0,60.0,63.2,51.2,,103.0,
Logan Paulsen,WAS,TE,26.0,16.0,14.0,0.0,0.0,0.0,0.0,0.0,0.0,0.0,,0.0,50.0,28.0,267.0,9.54,3.0,,,41.0,69.0,73.7,54.7,,40.0,
Brian Hoyer,CLE,QB,28.0,3.0,3.0,57.0,96.0,615.0,5.0,3.0,6.0,16.0,2.67,0.0,0.0,0.0,0.0,,0.0,,,40.0,40.0,46.2,43.2,,43.0,
Griff Whalen,IND,WR,23.0,9.0,3.0,0.0,0.0,0.0,0.0,0.0,0.0,0.0,,0.0,40.0,24.0,259.0,10.79,2.0,,,40.0,62.0,64.9,49.9,,104.0,
Andre Caldwell,DEN,WR,28.0,16.0,2.0,0.0,0.0,0.0,0.0,0.0,1.0,7.0,7.0,0.0,29.0,16.0,200.0,12.5,3.0,,,39.0,55.0,57.7,46.7,,107.0,
Clay Harbor,JAX,TE,26.0,16.0,7.0,0.0,0.0,0.0,0.0,0.0,0.0,0.0,,0.0,35.0,24.0,292.0,12.17,2.0,,,39.0,63.0,67.2,51.2,,41.0,
Kevin Ogletree,2TM,WR,26.0,16.0,2.0,0.0,0.0,0.0,0.0,0.0,0.0,0.0,,0.0,45.0,21.0,269.0,12.81,2.0,,,39.0,60.0,62.9,49.4,,106.0,
Sidney Rice,SEA,WR,27.0,8.0,6.0,0.0,0.0,0.0,0.0,0.0,0.0,0.0,,0.0,35.0,15.0,231.0,15.4,3.0,,,39.0,54.0,58.1,46.6,,105.0,
John Carlson,MIN,TE,29.0,13.0,8.0,0.0,0.0,0.0,0.0,0.0,0.0,0.0,,0.0,48.0,32.0,344.0,10.75,1.0,,,38.0,70.0,74.4,54.4,,42.0,
Benny Cunningham,STL,RB,23.0,14.0,0.0,0.0,0.0,0.0,0.0,0.0,47.0,261.0,5.55,1.0,10.0,6.0,59.0,9.83,0.0,1.0,,38.0,44.0,48.0,41.0,,67.0,
Anthony Fasano,KAN,TE,29.0,9.0,9.0,0.0,0.0,0.0,0.0,0.0,0.0,0.0,,0.0,33.0,23.0,200.0,8.7,3.0,,,38.0,61.0,64.0,49.5,,43.0,
Ronnie Hillman,DEN,RB,22.0,10.0,0.0,0.0,0.0,0.0,0.0,0.0,55.0,218.0,3.96,1.0,14.0,12.0,119.0,9.92,0.0,,,38.0,50.0,56.7,43.7,,69.0,
Stephen Hill,NYJ,WR,22.0,12.0,11.0,0.0,0.0,0.0,0.0,0.0,0.0,0.0,,0.0,59.0,24.0,342.0,14.25,1.0,,,38.0,62.0,66.2,50.2,,108.0,
Mike James,TAM,RB,22.0,8.0,3.0,1.0,1.0,2.0,1.0,0.0,60.0,295.0,4.92,0.0,11.0,10.0,43.0,4.3,0.0,,,38.0,48.0,50.9,42.9,,68.0,
Kirk Cousins,WAS,QB,25.0,5.0,3.0,81.0,155.0,854.0,4.0,7.0,4.0,14.0,3.5,0.0,0.0,0.0,0.0,,0.0,,,36.0,34.0,45.6,40.6,,44.0,
Brian Leonard,TAM,RB,29.0,16.0,1.0,0.0,0.0,0.0,0.0,0.0,47.0,182.0,3.87,0.0,37.0,29.0,179.0,6.17,0.0,,,36.0,65.0,71.1,50.6,,70.0,
Chris Polk,PHI,RB,24.0,15.0,0.0,0.0,0.0,0.0,0.0,0.0,11.0,98.0,8.91,3.0,5.0,4.0,61.0,15.25,0.0,,,36.0,38.0,37.9,35.9,,71.0,
Edwin Baker,CLE,RB,22.0,3.0,2.0,0.0,0.0,0.0,0.0,0.0,43.0,171.0,3.98,2.0,9.0,8.0,57.0,7.13,0.0,,,35.0,43.0,45.8,38.8,,75.0,
Ahmad Bradshaw,IND,RB,27.0,3.0,2.0,0.0,0.0,0.0,0.0,0.0,41.0,186.0,4.54,2.0,8.0,7.0,42.0,6.0,0.0,,,35.0,42.0,44.8,38.3,,74.0,
,,,,,,,,,,,,,,,,,,,,,,,,,,,,
Keshawn Martin,HOU,WR,23.0,16.0,1.0,0.0,0.0,0.0,0.0,0.0,0.0,0.0,,0.0,40.0,22.0,253.0,11.5,2.0,,,35.0,57.0,67.3,52.3,,109.0,
Joseph Randle,DAL,RB,22.0,13.0,2.0,0.0,0.0,0.0,0.0,0.0,54.0,164.0,3.04,2.0,10.0,8.0,61.0,7.63,0.0,,,35.0,43.0,45.5,38.5,,76.0,
Ben Watson,NOR,WR,33.0,15.0,7.0,0.0,0.0,0.0,0.0,0.0,0.0,0.0,,0.0,30.0,19.0,226.0,11.89,2.0,,,35.0,54.0,56.6,44.1,,110.0,
Fozzy Whittaker,2TM,RB,24.0,14.0,2.0,0.0,0.0,0.0,0.0,0.0,28.0,79.0,2.82,0.0,36.0,21.0,155.0,7.38,2.0,,,35.0,56.0,59.4,45.9,,72.0,
Darrel Young,WAS,RB,26.0,13.0,7.0,0.0,0.0,0.0,0.0,0.0,12.0,41.0,3.42,3.0,9.0,4.0,71.0,17.75,1.0,,,35.0,39.0,39.2,37.2,,73.0,
Matt Asiata,MIN,RB,26.0,11.0,1.0,0.0,0.0,0.0,0.0,0.0,44.0,166.0,3.77,3.0,8.0,5.0,13.0,2.6,0.0,,,34.0,39.0,42.9,36.4,,77.0,
Michael Crabtree,SFO,WR,26.0,5.0,5.0,0.0,0.0,0.0,0.0,0.0,0.0,0.0,,0.0,33.0,19.0,284.0,14.95,1.0,,,34.0,53.0,56.4,43.9,,111.0,
Drew Davis,ATL,WR,24.0,16.0,3.0,0.0,0.0,0.0,0.0,0.0,0.0,0.0,,0.0,19.0,12.0,216.0,18.0,2.0,,,34.0,46.0,48.6,39.6,,112.0,
Daryl Richardson,STL,RB,23.0,8.0,3.0,0.0,0.0,0.0,0.0,0.0,69.0,215.0,3.12,0.0,18.0,14.0,121.0,8.64,0.0,,,34.0,48.0,53.6,40.6,,78.0,
Scott Tolzien,GNB,QB,26.0,3.0,2.0,55.0,90.0,717.0,1.0,5.0,5.0,55.0,11.0,1.0,0.0,0.0,0.0,,0.0,,,34.0,34.0,42.2,39.2,,45.0,
Mike Williams,TAM,WR,26.0,6.0,5.0,0.0,0.0,0.0,0.0,0.0,0.0,0.0,,0.0,40.0,22.0,216.0,9.82,2.0,,,34.0,56.0,58.6,44.6,,113.0,
Ed Dickson,BAL,TE,26.0,16.0,14.0,0.0,0.0,0.0,0.0,0.0,0.0,0.0,,0.0,43.0,25.0,273.0,10.92,1.0,,,33.0,58.0,61.3,45.8,,44.0,
Luke Willson,SEA,RB,23.0,16.0,7.0,0.0,0.0,0.0,0.0,0.0,0.0,0.0,,0.0,28.0,20.0,272.0,13.6,1.0,,,33.0,53.0,56.2,43.2,,79.0,
Stedman Bailey,STL,WR,23.0,16.0,2.0,0.0,0.0,0.0,0.0,0.0,2.0,33.0,16.5,1.0,25.0,17.0,226.0,13.29,0.0,,,32.0,49.0,51.9,40.4,,114.0,
Jim Dray,ARI,TE,27.0,16.0,15.0,0.0,0.0,0.0,0.0,0.0,0.0,0.0,,0.0,32.0,26.0,215.0,8.27,2.0,,,32.0,58.0,61.5,44.5,,45.0,
Da'Rick Rogers,IND,WR,22.0,5.0,3.0,0.0,0.0,0.0,0.0,0.0,1.0,0.0,0.0,0.0,23.0,14.0,192.0,13.71,2.0,,,31.0,45.0,48.2,38.2,,115.0,
Josh Freeman,2TM,QB,25.0,4.0,4.0,63.0,147.0,761.0,2.0,4.0,5.0,20.0,4.0,0.0,0.0,0.0,0.0,,0.0,,,30.0,30.0,38.4,34.4,,46.0,
Ryan Griffin,HOU,TE,23.0,15.0,8.0,0.0,0.0,0.0,0.0,0.0,0.0,0.0,,0.0,28.0,19.0,244.0,12.84,1.0,,,30.0,49.0,52.4,39.9,,46.0,
Robert Turbin,SEA,RB,24.0,16.0,0.0,0.0,0.0,0.0,0.0,0.0,77.0,264.0,3.43,0.0,12.0,8.0,60.0,7.5,0.0,,,30.0,38.0,42.4,34.4,,80.0,
Tandon Doss,BAL,WR,24.0,15.0,2.0,0.0,0.0,0.0,0.0,0.0,0.0,0.0,,0.0,36.0,19.0,305.0,16.05,0.0,,,29.0,48.0,57.5,44.0,,117.0,
Kerry Taylor,2TM,WR,24.0,10.0,4.0,0.0,0.0,0.0,0.0,0.0,0.0,0.0,,0.0,34.0,22.0,229.0,10.41,1.0,,,29.0,51.0,53.9,39.9,,116.0,
LaVon Brazill,IND,WR,24.0,10.0,0.0,0.0,0.0,0.0,0.0,0.0,0.0,0.0,,0.0,27.0,12.0,161.0,13.42,2.0,,,28.0,40.0,43.1,34.1,,118.0,
Ronnie Brown,SDG,RB,32.0,16.0,0.0,0.0,0.0,0.0,0.0,0.0,45.0,157.0,3.49,1.0,8.0,8.0,60.0,7.5,0.0,,,28.0,36.0,38.7,31.7,,82.0,
Khiry Robinson,NOR,RB,24.0,10.0,0.0,0.0,0.0,0.0,0.0,0.0,54.0,224.0,4.15,1.0,0.0,0.0,0.0,,0.0,,,28.0,28.0,31.4,28.4,,81.0,
Antone Smith,ATL,RB,28.0,15.0,0.0,0.0,0.0,0.0,0.0,0.0,5.0,145.0,29.0,2.0,3.0,2.0,10.0,5.0,0.0,,,28.0,30.0,32.5,28.5,,83.0,
Jonathan Dwyer,PIT,RB,24.0,15.0,0.0,0.0,0.0,0.0,0.0,0.0,49.0,197.0,4.02,0.0,11.0,8.0,64.0,8.0,0.0,,,26.0,34.0,37.1,30.1,,84.0,
Bruce Miller,SFO,RB,26.0,14.0,13.0,0.0,0.0,0.0,0.0,0.0,7.0,13.0,1.86,0.0,36.0,25.0,243.0,9.72,0.0,,,26.0,51.0,53.6,38.1,,85.0,
Gary Barnidge,CLE,TE,28.0,16.0,12.0,0.0,0.0,0.0,0.0,0.0,0.0,0.0,,0.0,18.0,13.0,127.0,9.77,2.0,,,25.0,38.0,40.7,31.2,,48.0,
Gavin Escobar,DAL,TE,22.0,16.0,1.0,0.0,0.0,0.0,0.0,0.0,0.0,0.0,,0.0,15.0,9.0,134.0,14.89,2.0,,,25.0,34.0,37.4,29.9,,47.0,
Darius Johnson,ATL,WR,22.0,10.0,2.0,0.0,0.0,0.0,0.0,0.0,0.0,0.0,,0.0,43.0,22.0,210.0,9.55,1.0,,,25.0,47.0,51.0,36.0,,119.0,
,,,,,,,,,,,,,,,,,,,,,,,,,,,,
Frank Summers,BUF,RB,28.0,15.0,9.0,0.0,0.0,0.0,0.0,0.0,12.0,46.0,3.83,1.0,8.0,7.0,79.0,11.29,1.0,,,25.0,32.0,31.5,28.0,,86.0,
Miles Austin,DAL,WR,29.0,11.0,8.0,0.0,0.0,0.0,0.0,0.0,0.0,0.0,,0.0,49.0,24.0,244.0,10.17,0.0,,,24.0,48.0,51.4,36.4,,120.0,
Jackie Battle,TEN,RB,30.0,16.0,0.0,0.0,0.0,0.0,0.0,0.0,36.0,142.0,3.94,1.0,5.0,4.0,36.0,9.0,0.0,,,24.0,28.0,30.8,25.8,,87.0,
Da'Rel Scott,NYG,RB,25.0,5.0,1.0,0.0,0.0,0.0,0.0,0.0,20.0,73.0,3.65,0.0,19.0,11.0,102.0,9.27,1.0,,,24.0,35.0,37.5,29.0,,88.0,
Jacob Tamme,DEN,TE,28.0,16.0,1.0,0.0,0.0,0.0,0.0,0.0,0.0,0.0,,0.0,25.0,20.0,184.0,9.2,1.0,,,24.0,44.0,47.4,34.4,,49.0,
Cory Harkey,STL,TE,23.0,15.0,10.0,0.0,0.0,0.0,0.0,0.0,0.0,0.0,,0.0,18.0,13.0,113.0,8.69,2.0,,,23.0,36.0,39.3,29.8,,50.0,
Junior Hemingway,KAN,WR,25.0,16.0,2.0,0.0,0.0,0.0,0.0,0.0,0.0,0.0,,0.0,20.0,13.0,125.0,9.62,2.0,,,23.0,36.0,39.5,29.0,,122.0,
Dennis Johnson,HOU,RB,23.0,8.0,1.0,0.0,0.0,0.0,0.0,0.0,49.0,183.0,3.73,0.0,12.0,8.0,46.0,5.75,0.0,,,23.0,31.0,33.9,26.9,,89.0,
Felix Jones,PIT,RB,26.0,16.0,2.0,0.0,0.0,0.0,0.0,0.0,48.0,184.0,3.83,0.0,13.0,9.0,63.0,7.0,0.0,,,23.0,32.0,35.7,27.2,,90.0,
Josh Morgan,WAS,WR,28.0,14.0,7.0,0.0,0.0,0.0,0.0,0.0,2.0,13.0,6.5,0.0,34.0,20.0,214.0,10.7,0.0,,,23.0,43.0,45.7,32.7,,121.0,
Kyle Orton,DAL,QB,31.0,3.0,1.0,33.0,51.0,398.0,2.0,2.0,1.0,8.0,8.0,0.0,0.0,0.0,0.0,,0.0,,,23.0,21.0,25.7,22.7,,47.0,
Dennis Pitta,BAL,TE,28.0,4.0,1.0,0.0,0.0,0.0,0.0,0.0,0.0,0.0,,0.0,33.0,20.0,169.0,8.45,1.0,,,23.0,43.0,45.9,32.9,,51.0,
Jonathan Stewart,CAR,RB,26.0,6.0,1.0,0.0,0.0,0.0,0.0,0.0,48.0,180.0,3.75,0.0,7.0,7.0,44.0,6.29,0.0,,,22.0,29.0,32.4,25.9,,91.0,
Anthony Dixon,SFO,RB,26.0,16.0,1.0,0.0,0.0,0.0,0.0,0.0,28.0,56.0,2.0,2.0,3.0,3.0,30.0,10.0,0.0,,,21.0,24.0,23.6,22.1,,92.0,
Jake Ballard,ARI,TE,26.0,8.0,3.0,0.0,0.0,0.0,0.0,0.0,0.0,0.0,,0.0,9.0,7.0,75.0,10.71,2.0,,,20.0,27.0,26.5,23.0,,53.0,
Jaron Brown,ARI,WR,23.0,16.0,0.0,0.0,0.0,0.0,0.0,0.0,0.0,0.0,,0.0,17.0,11.0,140.0,12.73,1.0,,,20.0,31.0,34.0,25.5,,124.0,
Stanley Havili,IND,RB,26.0,13.0,8.0,0.0,0.0,0.0,0.0,0.0,7.0,7.0,1.0,0.0,21.0,18.0,128.0,7.11,1.0,,,20.0,38.0,40.5,28.5,,94.0,
Andrew Hawkins,CIN,WR,27.0,8.0,0.0,0.0,0.0,0.0,0.0,0.0,2.0,3.0,1.5,0.0,18.0,12.0,199.0,16.58,0.0,,,20.0,32.0,35.2,26.2,,123.0,
Michael Hoomanawanui,NWE,TE,25.0,13.0,10.0,0.0,0.0,0.0,0.0,0.0,0.0,0.0,,0.0,19.0,12.0,136.0,11.33,1.0,,,20.0,32.0,34.6,25.6,,52.0,
Anthony Sherman,KAN,RB,25.0,16.0,8.0,0.0,0.0,0.0,0.0,0.0,2.0,3.0,1.5,0.0,24.0,18.0,155.0,8.61,1.0,,,20.0,38.0,41.8,28.8,,93.0,
Tashard Choice,2TM,RB,29.0,15.0,0.0,0.0,0.0,0.0,0.0,0.0,46.0,170.0,3.7,0.0,9.0,5.0,15.0,3.0,0.0,,,19.0,24.0,26.5,21.0,,98.0,
Lance Dunbar,DAL,RB,23.0,9.0,0.0,0.0,0.0,0.0,0.0,0.0,30.0,150.0,5.0,0.0,7.0,7.0,59.0,8.43,0.0,,,19.0,26.0,29.9,22.4,,96.0,
Jonathan Grimes,HOU,RB,24.0,2.0,1.0,0.0,0.0,0.0,0.0,0.0,21.0,73.0,3.48,1.0,6.0,6.0,76.0,12.67,0.0,,,19.0,25.0,25.9,21.9,,95.0,
Dwayne Harris,DAL,WR,26.0,13.0,3.0,0.0,0.0,0.0,0.0,0.0,1.0,6.0,6.0,0.0,14.0,9.0,80.0,8.89,2.0,,,19.0,28.0,34.6,29.1,,125.0,
Stepfan Taylor,ARI,RB,22.0,16.0,0.0,0.0,0.0,0.0,0.0,0.0,36.0,115.0,3.19,0.0,9.0,8.0,71.0,8.88,0.0,,,19.0,27.0,29.6,22.6,,97.0,
Brandon Bostick,GNB,TE,24.0,11.0,0.0,0.0,0.0,0.0,0.0,0.0,0.0,0.0,,0.0,14.0,7.0,120.0,17.14,1.0,,,18.0,25.0,28.0,21.5,,54.0,
Johnathan Franklin,GNB,RB,24.0,11.0,0.0,0.0,0.0,0.0,0.0,0.0,19.0,107.0,5.63,1.0,5.0,4.0,30.0,7.5,0.0,,,18.0,22.0,25.7,19.7,,99.0,
Marcus Thigpen,MIA,RB,27.0,16.0,0.0,0.0,0.0,0.0,0.0,0.0,6.0,18.0,3.0,0.0,11.0,8.0,97.0,12.13,1.0,,,18.0,26.0,25.5,21.5,,100.0,
Levine Toilolo,ATL,TE,22.0,16.0,3.0,0.0,0.0,0.0,0.0,0.0,0.0,0.0,,0.0,15.0,11.0,55.0,5.0,2.0,,,18.0,29.0,28.5,23.0,,55.0,
Chase Daniel,KAN,QB,27.0,5.0,1.0,25.0,38.0,248.0,1.0,1.0,14.0,52.0,3.71,0.0,0.0,0.0,0.0,,0.0,,,17.0,17.0,18.1,18.1,,48.0,
,,,,,,,,,,,,,,,,,,,,,,,,,,,,
David Wilson,NYG,RB,22.0,5.0,4.0,0.0,0.0,0.0,0.0,0.0,44.0,146.0,3.32,1.0,6.0,2.0,8.0,4.0,0.0,,,17.0,19.0,24.4,18.4,,101.0,
Jed Collins,NOR,RB,27.0,16.0,8.0,0.0,0.0,0.0,0.0,0.0,15.0,45.0,3.0,1.0,17.0,14.0,54.0,3.86,0.0,,,16.0,30.0,29.9,22.9,,103.0,
Tarvaris Jackson,SEA,QB,30.0,3.0,0.0,10.0,13.0,151.0,1.0,0.0,4.0,1.0,0.25,1.0,0.0,0.0,0.0,,0.0,,,16.0,16.0,16.1,16.1,,49.0,
John Kuhn,GNB,RB,31.0,15.0,6.0,0.0,0.0,0.0,0.0,0.0,10.0,38.0,3.8,1.0,19.0,13.0,81.0,6.23,0.0,,,16.0,29.0,29.9,22.4,,104.0,
DeVier Posey,HOU,WR,23.0,14.0,0.0,0.0,0.0,0.0,0.0,0.0,0.0,0.0,,0.0,25.0,15.0,155.0,10.33,0.0,,,16.0,31.0,33.5,23.0,,128.0,
Michael Preston,TEN,WR,24.0,7.0,0.0,0.0,0.0,0.0,0.0,0.0,0.0,0.0,,0.0,7.0,5.0,37.0,7.4,2.0,,,16.0,21.0,20.7,18.2,,127.0,
Alfonso Smith,ARI,RB,26.0,16.0,0.0,0.0,0.0,0.0,0.0,0.0,18.0,54.0,3.0,1.0,13.0,10.0,68.0,6.8,0.0,,,16.0,26.0,27.2,21.2,,102.0,
Damian Williams,TEN,WR,25.0,10.0,1.0,0.0,0.0,0.0,0.0,0.0,0.0,0.0,,0.0,23.0,15.0,178.0,11.87,0.0,,,16.0,31.0,34.8,23.3,,126.0,
Malcom Floyd,SDG,WR,32.0,2.0,2.0,0.0,0.0,0.0,0.0,0.0,0.0,0.0,,0.0,11.0,6.0,149.0,24.83,0.0,,,15.0,21.0,23.9,17.9,,129.0,
Jeremy Ross,2TM,WR,25.0,13.0,2.0,0.0,0.0,0.0,0.0,0.0,2.0,40.0,20.0,0.0,12.0,6.0,67.0,11.17,1.0,,,15.0,21.0,33.7,29.7,,130.0,
Brittan Golden,ARI,WR,25.0,5.0,0.0,0.0,0.0,0.0,0.0,0.0,0.0,0.0,,0.0,10.0,4.0,136.0,34.0,0.0,,,14.0,18.0,20.6,15.6,,132.0,
A.J. Jenkins,KAN,WR,24.0,16.0,1.0,0.0,0.0,0.0,0.0,0.0,2.0,6.0,3.0,0.0,17.0,8.0,130.0,16.25,0.0,,,14.0,22.0,24.6,17.6,,133.0,
Greg Salas,NYJ,WR,25.0,8.0,0.0,0.0,0.0,0.0,0.0,0.0,0.0,0.0,,0.0,13.0,8.0,143.0,17.88,0.0,,,14.0,22.0,25.3,18.3,,131.0,
Kyle Williams,2TM,WR,25.0,10.0,5.0,0.0,0.0,0.0,0.0,0.0,2.0,23.0,11.5,0.0,27.0,12.0,113.0,9.42,0.0,,,14.0,26.0,28.6,19.6,,134.0,
Travis Benjamin,CLE,WR,24.0,8.0,3.0,0.0,0.0,0.0,0.0,0.0,1.0,45.0,45.0,0.0,13.0,5.0,105.0,21.0,0.0,,,13.0,18.0,28.0,21.5,,135.0,
Tommy Bohanon,NYJ,RB,23.0,16.0,8.0,0.0,0.0,0.0,0.0,0.0,17.0,62.0,3.65,0.0,16.0,11.0,69.0,6.27,0.0,,,13.0,24.0,24.1,18.6,,106.0,
Derrick Coleman,SEA,RB,23.0,12.0,3.0,0.0,0.0,0.0,0.0,0.0,2.0,3.0,1.5,0.0,8.0,8.0,62.0,7.75,1.0,,,13.0,21.0,20.5,16.5,,108.0,
Fred Davis,WAS,TE,27.0,10.0,3.0,0.0,0.0,0.0,0.0,0.0,0.0,0.0,,0.0,18.0,7.0,70.0,10.0,1.0,,,13.0,20.0,20.0,16.5,,57.0,
James Develin,NWE,RB,25.0,16.0,6.0,0.0,0.0,0.0,0.0,0.0,4.0,10.0,2.5,1.0,4.0,4.0,62.0,15.5,0.0,,,13.0,17.0,17.2,15.2,,105.0,
Chase Ford,MIN,TE,23.0,9.0,0.0,0.0,0.0,0.0,0.0,0.0,0.0,0.0,,0.0,16.0,11.0,133.0,12.09,0.0,,,13.0,24.0,27.3,18.8,,56.0,
Vonta Leach,BAL,RB,32.0,16.0,7.0,0.0,0.0,0.0,0.0,0.0,11.0,23.0,2.09,0.0,20.0,11.0,47.0,4.27,1.0,,,13.0,24.0,24.0,18.5,,107.0,
Jeff Maehl,PHI,WR,24.0,16.0,0.0,0.0,0.0,0.0,0.0,0.0,0.0,0.0,,0.0,9.0,4.0,67.0,16.75,1.0,,,13.0,17.0,16.7,14.7,,136.0,
Seyi Ajirotutu,SDG,WR,26.0,14.0,0.0,0.0,0.0,0.0,0.0,0.0,0.0,0.0,,0.0,4.0,3.0,64.0,21.33,1.0,,,12.0,15.0,15.4,13.9,,137.0,
Josh Boyce,NWE,WR,22.0,9.0,3.0,0.0,0.0,0.0,0.0,0.0,0.0,0.0,,0.0,19.0,9.0,121.0,13.44,0.0,,,12.0,21.0,24.1,16.6,,139.0,
Rhett Ellison,MIN,TE,25.0,11.0,6.0,0.0,0.0,0.0,0.0,0.0,0.0,0.0,,0.0,10.0,5.0,61.0,12.2,1.0,,,12.0,17.0,17.1,14.6,,59.0,
Blaine Gabbert,JAX,QB,24.0,3.0,3.0,42.0,86.0,481.0,1.0,7.0,9.0,32.0,3.56,0.0,0.0,0.0,0.0,,0.0,,,12.0,12.0,22.4,19.4,,50.0,
Clyde Gates,NYJ,WR,27.0,6.0,2.0,0.0,0.0,0.0,0.0,0.0,0.0,0.0,,0.0,24.0,12.0,122.0,10.17,0.0,,,12.0,24.0,27.2,18.2,,138.0,
Domenik Hixon,CAR,WR,29.0,15.0,0.0,0.0,0.0,0.0,0.0,0.0,0.0,0.0,,0.0,9.0,7.0,55.0,7.86,1.0,,,12.0,19.0,18.5,15.0,,140.0,
Vance McDonald,SFO,TE,23.0,15.0,4.0,0.0,0.0,0.0,0.0,0.0,0.0,0.0,,0.0,19.0,8.0,119.0,14.88,0.0,,,12.0,20.0,22.9,15.9,,60.0,
Danny Noble,JAX,TE,24.0,8.0,1.0,0.0,0.0,0.0,0.0,0.0,0.0,0.0,,0.0,3.0,2.0,63.0,31.5,1.0,,,12.0,14.0,14.3,13.3,,58.0,
,,,,,,,,,,,,,,,,,,,,,,,,,,,,
Isaiah Pead,STL,RB,24.0,10.0,0.0,0.0,0.0,0.0,0.0,0.0,7.0,21.0,3.0,0.0,15.0,11.0,78.0,7.09,0.0,1.0,,12.0,23.0,22.9,17.4,,109.0,
Brandon Stokley,BAL,WR,37.0,6.0,0.0,0.0,0.0,0.0,0.0,0.0,0.0,0.0,,0.0,21.0,13.0,115.0,8.85,0.0,,,12.0,25.0,27.5,18.0,,141.0,
Jeff Tuel,BUF,QB,22.0,2.0,1.0,26.0,59.0,309.0,1.0,3.0,3.0,17.0,5.67,0.0,0.0,0.0,0.0,,0.0,,,12.0,12.0,18.1,15.1,,51.0,
Joel Dreessen,DEN,TE,31.0,13.0,0.0,0.0,0.0,0.0,0.0,0.0,0.0,0.0,,0.0,9.0,7.0,47.0,6.71,1.0,,,11.0,18.0,17.7,14.2,,62.0,
Justin Forsett,JAX,RB,28.0,9.0,0.0,0.0,0.0,0.0,0.0,0.0,6.0,31.0,5.17,0.0,16.0,15.0,82.0,5.47,0.0,,,11.0,26.0,26.3,18.8,,110.0,
Chris Gragg,BUF,TE,23.0,9.0,1.0,0.0,0.0,0.0,0.0,0.0,0.0,0.0,,0.0,7.0,5.0,53.0,10.6,1.0,,,11.0,16.0,16.3,13.8,,61.0,
Chris Owusu,TAM,WR,23.0,9.0,4.0,0.0,0.0,0.0,0.0,0.0,0.0,0.0,,0.0,20.0,13.0,114.0,8.77,0.0,,,11.0,24.0,27.4,17.9,,142.0,
Theo Riddick,DET,RB,22.0,14.0,0.0,0.0,0.0,0.0,0.0,0.0,9.0,25.0,2.78,1.0,8.0,4.0,26.0,6.5,0.0,,,11.0,15.0,15.1,13.1,,111.0,
Phillip Tanner,DAL,RB,25.0,16.0,0.0,0.0,0.0,0.0,0.0,0.0,9.0,12.0,1.33,1.0,4.0,3.0,33.0,11.0,0.0,,,11.0,14.0,13.5,12.0,,112.0,
Kenny Britt,TEN,WR,25.0,12.0,3.0,0.0,0.0,0.0,0.0,0.0,0.0,0.0,,0.0,35.0,11.0,96.0,8.73,0.0,,,10.0,21.0,20.6,15.1,,144.0,
Brice Butler,OAK,WR,23.0,10.0,2.0,0.0,0.0,0.0,0.0,0.0,0.0,0.0,,0.0,17.0,9.0,103.0,11.44,0.0,,,10.0,19.0,22.3,14.8,,143.0,
Josh Hill,NOR,TE,23.0,14.0,3.0,0.0,0.0,0.0,0.0,0.0,1.0,-8.0,-8.0,0.0,10.0,6.0,44.0,7.33,1.0,,,10.0,16.0,15.6,12.6,,63.0,
Will Johnson,PIT,RB,24.0,15.0,5.0,0.0,0.0,0.0,0.0,0.0,0.0,0.0,,0.0,11.0,8.0,41.0,5.13,1.0,,,10.0,18.0,18.1,14.1,,113.0,
Matt Simms,NYJ,QB,25.0,3.0,0.0,16.0,31.0,156.0,1.0,1.0,5.0,37.0,7.4,0.0,0.0,0.0,0.0,,0.0,,,10.0,10.0,11.9,10.9,,52.0,
Deonte Thompson,BAL,WR,24.0,7.0,0.0,0.0,0.0,0.0,0.0,0.0,0.0,0.0,,0.0,20.0,10.0,96.0,9.6,0.0,,,10.0,20.0,19.6,14.6,,145.0,
Ryan Broyles,DET,WR,25.0,6.0,3.0,0.0,0.0,0.0,0.0,0.0,0.0,0.0,,0.0,14.0,8.0,85.0,10.63,0.0,,,9.0,17.0,16.5,12.5,,150.0,
Stephen Burton,JAX,WR,24.0,4.0,2.0,0.0,0.0,0.0,0.0,0.0,1.0,-9.0,-9.0,0.0,13.0,8.0,76.0,9.5,0.0,,,9.0,15.0,14.7,10.7,,149.0,
Kellen Davis,SEA,WR,28.0,15.0,4.0,0.0,0.0,0.0,0.0,0.0,0.0,0.0,,0.0,4.0,3.0,32.0,10.67,1.0,,,9.0,12.0,12.2,10.7,,147.0,
Jacoby Ford,OAK,WR,26.0,14.0,1.0,0.0,0.0,0.0,0.0,0.0,5.0,15.0,3.0,0.0,24.0,13.0,99.0,7.62,0.0,,,9.0,22.0,23.4,15.9,,146.0,
Dan Herron,IND,RB,24.0,6.0,0.0,0.0,0.0,0.0,0.0,0.0,5.0,33.0,6.6,0.0,1.0,1.0,57.0,57.0,0.0,,,9.0,10.0,10.0,9.5,,114.0,
Mario Manningham,SFO,WR,27.0,6.0,3.0,0.0,0.0,0.0,0.0,0.0,0.0,0.0,,0.0,23.0,9.0,85.0,9.44,0.0,,,9.0,18.0,17.5,13.0,,151.0,
Jeron Mastrud,OAK,TE,26.0,16.0,12.0,0.0,0.0,0.0,0.0,0.0,0.0,0.0,,0.0,13.0,6.0,88.0,14.67,0.0,,,9.0,15.0,14.8,11.8,,64.0,
Dion Sims,MIA,WR,22.0,15.0,5.0,0.0,0.0,0.0,0.0,0.0,0.0,0.0,,0.0,10.0,6.0,32.0,5.33,1.0,,,9.0,15.0,15.2,12.2,,148.0,
Dwayne Allen,IND,TE,23.0,1.0,1.0,0.0,0.0,0.0,0.0,0.0,0.0,0.0,,0.0,2.0,1.0,20.0,20.0,1.0,,,8.0,9.0,9.0,8.5,,68.0,
Tom Crabtree,TAM,TE,28.0,7.0,5.0,0.0,0.0,0.0,0.0,0.0,0.0,0.0,,0.0,7.0,4.0,21.0,5.25,1.0,,,8.0,12.0,12.1,10.1,,67.0,
Josh Cribbs,NYJ,WR,30.0,6.0,0.0,2.0,3.0,38.0,0.0,0.0,13.0,55.0,4.23,0.0,2.0,2.0,6.0,3.0,0.0,,,8.0,10.0,9.6,8.6,,156.0,
Mike Goodson,NYJ,RB,26.0,2.0,0.0,0.0,0.0,0.0,0.0,0.0,7.0,61.0,8.71,0.0,3.0,2.0,19.0,9.5,0.0,,,8.0,10.0,10.0,9.0,,116.0,
Chris Hogan,BUF,WR,25.0,16.0,0.0,0.0,0.0,0.0,0.0,0.0,0.0,0.0,,0.0,17.0,10.0,83.0,8.3,0.0,,,8.0,18.0,18.3,13.3,,152.0,
LaMichael James,SFO,RB,24.0,10.0,0.0,0.0,0.0,0.0,0.0,0.0,12.0,59.0,4.92,0.0,3.0,2.0,16.0,8.0,0.0,,,8.0,10.0,9.5,8.5,,119.0,
Ricardo Lockette,SEA,WR,27.0,8.0,1.0,0.0,0.0,0.0,0.0,0.0,1.0,-2.0,-2.0,0.0,7.0,5.0,82.0,16.4,0.0,,,8.0,13.0,13.0,10.5,,153.0,
,,,,,,,,,,,,,,,,,,,,,,,,,,,,
Christine Michael,SEA,RB,23.0,4.0,0.0,0.0,0.0,0.0,0.0,0.0,18.0,79.0,4.39,0.0,0.0,0.0,0.0,,0.0,,,8.0,8.0,7.9,7.9,,117.0,
Derek Moye,PIT,WR,25.0,7.0,0.0,0.0,0.0,0.0,0.0,0.0,0.0,0.0,,0.0,6.0,2.0,20.0,10.0,1.0,,,8.0,10.0,10.0,9.0,,154.0,
Matthew Mulligan,NWE,TE,28.0,15.0,4.0,0.0,0.0,0.0,0.0,0.0,0.0,0.0,,0.0,3.0,2.0,16.0,8.0,1.0,,,8.0,10.0,9.6,8.6,,69.0,
Louis Murphy,NYG,WR,26.0,14.0,0.0,0.0,0.0,0.0,0.0,0.0,0.0,0.0,,0.0,13.0,6.0,37.0,6.17,1.0,,,8.0,14.0,14.7,10.7,,155.0,
Bear Pascoe,NYG,RB,27.0,16.0,6.0,0.0,0.0,0.0,0.0,0.0,1.0,2.0,2.0,0.0,20.0,12.0,81.0,6.75,0.0,,,8.0,20.0,20.3,14.3,,115.0,
David Paulson,PIT,TE,24.0,16.0,4.0,0.0,0.0,0.0,0.0,0.0,0.0,0.0,,0.0,10.0,6.0,102.0,17.0,0.0,,,8.0,14.0,18.2,11.2,,66.0,
Tony Scheffler,DET,TE,30.0,5.0,1.0,0.0,0.0,0.0,0.0,0.0,0.0,0.0,,0.0,12.0,7.0,82.0,11.71,0.0,,,8.0,15.0,15.2,11.7,,65.0,
Lee Smith,BUF,RB,26.0,16.0,14.0,0.0,0.0,0.0,0.0,0.0,0.0,0.0,,0.0,9.0,5.0,78.0,15.6,0.0,,,8.0,13.0,12.8,10.3,,118.0,
Travaris Cadet,NOR,RB,24.0,13.0,0.0,0.0,0.0,0.0,0.0,0.0,0.0,0.0,,0.0,2.0,2.0,5.0,2.5,1.0,,,7.0,9.0,8.5,7.5,,123.0,
Michael Egnew,MIA,WR,24.0,16.0,5.0,0.0,0.0,0.0,0.0,0.0,0.0,0.0,,0.0,11.0,7.0,69.0,9.86,0.0,,,7.0,14.0,13.9,10.4,,159.0,
Cyrus Gray,KAN,RB,24.0,16.0,0.0,0.0,0.0,0.0,0.0,0.0,9.0,24.0,2.67,0.0,10.0,7.0,46.0,6.57,0.0,,,7.0,14.0,14.0,10.5,,120.0,
James Hanna,DAL,TE,24.0,16.0,8.0,0.0,0.0,0.0,0.0,0.0,0.0,0.0,,0.0,15.0,12.0,73.0,6.08,0.0,,,7.0,19.0,19.3,13.3,,70.0,
David Johnson,PIT,WR,26.0,5.0,2.0,0.0,0.0,0.0,0.0,0.0,0.0,0.0,,0.0,6.0,4.0,70.0,17.5,0.0,,,7.0,11.0,11.0,9.0,,158.0,
Nick Kasa,OAK,TE,23.0,16.0,1.0,0.0,0.0,0.0,0.0,0.0,0.0,0.0,,0.0,5.0,1.0,9.0,9.0,1.0,,,7.0,8.0,7.9,7.4,,74.0,
Marlon Moore,2TM,WR,26.0,14.0,0.0,0.0,0.0,0.0,0.0,0.0,1.0,9.0,9.0,0.0,15.0,7.0,62.0,8.86,0.0,,,7.0,14.0,14.1,10.6,,157.0,
Jamize Olawale,OAK,RB,24.0,16.0,1.0,0.0,0.0,0.0,0.0,0.0,3.0,6.0,2.0,0.0,11.0,7.0,63.0,9.0,0.0,,,7.0,14.0,13.9,10.4,,121.0,
Alex Smith,CIN,TE,31.0,16.0,1.0,0.0,0.0,0.0,0.0,0.0,0.0,0.0,,0.0,6.0,3.0,12.0,4.0,1.0,,,7.0,10.0,10.2,8.7,,72.0,
Matt Spaeth,PIT,TE,30.0,4.0,2.0,0.0,0.0,0.0,0.0,0.0,0.0,0.0,,0.0,2.0,1.0,11.0,11.0,1.0,,,7.0,8.0,8.1,7.6,,73.0,
Jeremy Stewart,OAK,RB,24.0,13.0,0.0,0.0,0.0,0.0,0.0,0.0,2.0,2.0,1.0,1.0,2.0,2.0,6.0,3.0,0.0,,,7.0,9.0,8.8,7.8,,122.0,
Taylor Thompson,TEN,TE,24.0,16.0,3.0,0.0,0.0,0.0,0.0,0.0,0.0,0.0,,0.0,7.0,3.0,13.0,4.33,1.0,,,7.0,10.0,10.3,8.8,,71.0,
Nick Toon,NOR,WR,25.0,8.0,3.0,0.0,0.0,0.0,0.0,0.0,0.0,0.0,,0.0,12.0,4.0,68.0,17.0,0.0,,,7.0,11.0,10.8,8.8,,160.0,
Myles White,GNB,WR,23.0,7.0,0.0,0.0,0.0,0.0,0.0,0.0,0.0,0.0,,0.0,12.0,9.0,66.0,7.33,0.0,,,7.0,16.0,15.6,11.1,,161.0,
Vick Ballard,IND,RB,23.0,1.0,1.0,0.0,0.0,0.0,0.0,0.0,13.0,63.0,4.85,0.0,2.0,1.0,-5.0,-5.0,0.0,,,6.0,7.0,6.8,6.3,,124.0,
Austin Collie,NWE,WR,28.0,7.0,1.0,0.0,0.0,0.0,0.0,0.0,0.0,0.0,,0.0,11.0,6.0,63.0,10.5,0.0,,,6.0,12.0,12.3,9.3,,163.0,
Josh Cooper,CLE,WR,24.0,5.0,0.0,0.0,0.0,0.0,0.0,0.0,0.0,0.0,,0.0,14.0,9.0,60.0,6.67,0.0,,,6.0,15.0,15.0,10.5,,165.0,
Michael Cox,NYG,RB,25.0,14.0,1.0,0.0,0.0,0.0,0.0,0.0,22.0,43.0,1.95,0.0,3.0,3.0,12.0,4.0,0.0,,,6.0,9.0,8.5,7.0,,127.0,
Tony Fiammetta,CHI,RB,27.0,16.0,7.0,0.0,0.0,0.0,0.0,0.0,0.0,0.0,,0.0,6.0,4.0,57.0,14.25,0.0,,,6.0,10.0,9.7,7.7,,126.0,
Taiwan Jones,OAK,RB,25.0,16.0,0.0,0.0,0.0,0.0,0.0,0.0,5.0,23.0,4.6,0.0,3.0,2.0,55.0,27.5,0.0,,,6.0,8.0,8.8,6.8,,125.0,
Quinton Patton,SFO,WR,23.0,6.0,0.0,0.0,0.0,0.0,0.0,0.0,1.0,26.0,26.0,0.0,5.0,3.0,34.0,11.33,0.0,,,6.0,9.0,9.0,7.5,,166.0,
Dane Sanzenbacher,CIN,WR,25.0,10.0,1.0,0.0,0.0,0.0,0.0,0.0,0.0,0.0,,0.0,8.0,6.0,61.0,10.17,0.0,,,6.0,12.0,12.1,9.1,,164.0,
,,,,,,,,,,,,,,,,,,,,,,,,,,,,
Zach Sudfeld,2TM,TE,24.0,14.0,2.0,0.0,0.0,0.0,0.0,0.0,0.0,0.0,,0.0,10.0,5.0,63.0,12.6,0.0,,,6.0,11.0,11.3,8.8,,75.0,
Markus Wheaton,PIT,WR,22.0,12.0,1.0,0.0,0.0,0.0,0.0,0.0,0.0,0.0,,0.0,13.0,6.0,64.0,10.67,0.0,,,6.0,12.0,12.4,9.4,,162.0,
Patrick DiMarco,ATL,RB,24.0,14.0,7.0,0.0,0.0,0.0,0.0,0.0,0.0,0.0,,0.0,10.0,8.0,49.0,6.13,0.0,,,5.0,13.0,12.9,8.9,,130.0,
Patrick Edwards,DET,WR,25.0,4.0,2.0,0.0,0.0,0.0,0.0,0.0,0.0,0.0,,0.0,11.0,5.0,46.0,9.2,0.0,,,5.0,10.0,9.6,7.1,,168.0,
MarQueis Gray,CLE,TE,24.0,12.0,2.0,0.0,0.0,0.0,0.0,0.0,6.0,43.0,7.17,0.0,9.0,2.0,8.0,4.0,0.0,,,5.0,7.0,7.1,6.1,,76.0,
Virgil Green,DEN,TE,25.0,16.0,3.0,0.0,0.0,0.0,0.0,0.0,0.0,0.0,,0.0,12.0,9.0,45.0,5.0,0.0,,,5.0,14.0,13.5,9.0,,78.0,
Michael Hill,2TM,RB,24.0,8.0,0.0,0.0,0.0,0.0,0.0,0.0,9.0,23.0,2.56,0.0,2.0,2.0,23.0,11.5,0.0,,,5.0,7.0,6.6,5.6,,132.0,
Deji Karim,HOU,RB,27.0,7.0,0.0,0.0,0.0,0.0,0.0,0.0,12.0,51.0,4.25,0.0,2.0,1.0,-1.0,-1.0,0.0,,,5.0,6.0,6.0,5.5,,129.0,
Erik Lorig,TAM,RB,27.0,15.0,9.0,0.0,0.0,0.0,0.0,0.0,0.0,0.0,,0.0,14.0,11.0,47.0,4.27,0.0,,,5.0,16.0,15.7,10.2,,131.0,
Niles Paul,WAS,RB,24.0,15.0,4.0,0.0,0.0,0.0,0.0,0.0,0.0,0.0,,0.0,8.0,4.0,51.0,12.75,0.0,,,5.0,9.0,9.1,7.1,,128.0,
Weslye Saunders,IND,TE,24.0,6.0,1.0,0.0,0.0,0.0,0.0,0.0,0.0,0.0,,0.0,11.0,4.0,46.0,11.5,0.0,,,5.0,9.0,8.6,6.6,,77.0,
Tyrod Taylor,BAL,QB,24.0,3.0,0.0,1.0,5.0,2.0,0.0,1.0,8.0,64.0,8.0,0.0,1.0,1.0,6.0,6.0,0.0,,,5.0,6.0,7.1,6.6,,53.0,
Teddy Williams,ARI,WR,25.0,3.0,0.0,0.0,0.0,0.0,0.0,0.0,0.0,0.0,,0.0,1.0,1.0,51.0,51.0,0.0,,,5.0,6.0,6.1,5.6,,167.0,
C.J. Anderson,DEN,RB,22.0,5.0,0.0,0.0,0.0,0.0,0.0,0.0,7.0,38.0,5.43,0.0,1.0,0.0,0.0,,0.0,,,4.0,4.0,3.8,3.8,,136.0,
Kevin Brock,2TM,TE,27.0,8.0,0.0,0.0,0.0,0.0,0.0,0.0,0.0,0.0,,0.0,6.0,3.0,36.0,12.0,0.0,,,4.0,7.0,6.6,5.1,,81.0,
Nate Byham,TAM,RB,25.0,4.0,3.0,0.0,0.0,0.0,0.0,0.0,0.0,0.0,,0.0,3.0,3.0,38.0,12.67,0.0,,,4.0,7.0,6.8,5.3,,135.0,
Garrett Celek,SFO,TE,25.0,12.0,1.0,0.0,0.0,0.0,0.0,0.0,0.0,0.0,,0.0,4.0,2.0,38.0,19.0,0.0,,,4.0,6.0,5.8,4.8,,80.0,
Jeff Demps,TAM,RB,23.0,2.0,0.0,0.0,0.0,0.0,0.0,0.0,1.0,14.0,14.0,0.0,3.0,3.0,21.0,7.0,0.0,,,4.0,7.0,6.5,5.0,,139.0,
Jerome Felton,MIN,RB,27.0,13.0,9.0,0.0,0.0,0.0,0.0,0.0,0.0,0.0,,0.0,8.0,6.0,37.0,6.17,0.0,,,4.0,10.0,9.7,6.7,,137.0,
Alex Green,NYJ,RB,25.0,13.0,0.0,0.0,0.0,0.0,0.0,0.0,11.0,35.0,3.18,0.0,2.0,2.0,8.0,4.0,0.0,,,4.0,6.0,6.3,5.3,,133.0,
Lestar Jean,HOU,WR,25.0,13.0,0.0,0.0,0.0,0.0,0.0,0.0,0.0,0.0,,0.0,8.0,4.0,35.0,8.75,0.0,,,4.0,8.0,7.5,5.5,,171.0,
Greg Jones,HOU,RB,32.0,16.0,5.0,0.0,0.0,0.0,0.0,0.0,2.0,2.0,1.0,0.0,11.0,5.0,34.0,6.8,0.0,,,4.0,9.0,8.6,6.1,,138.0,
Brock Osweiler,DEN,QB,23.0,4.0,0.0,11.0,16.0,95.0,0.0,0.0,3.0,2.0,0.67,0.0,0.0,0.0,0.0,,0.0,,,4.0,4.0,4.0,4.0,,54.0,
Eric Page,TAM,WR,22.0,16.0,1.0,0.0,0.0,0.0,0.0,0.0,2.0,14.0,7.0,0.0,9.0,4.0,68.0,17.0,0.0,,,4.0,8.0,10.2,6.2,,169.0,
Allen Reisner,JAX,TE,25.0,5.0,3.0,0.0,0.0,0.0,0.0,0.0,0.0,0.0,,0.0,9.0,5.0,40.0,8.0,0.0,,,4.0,9.0,9.0,6.5,,79.0,
Will Ta'ufo'ou,JAX,RB,27.0,16.0,7.0,0.0,0.0,0.0,0.0,0.0,1.0,1.0,1.0,0.0,15.0,10.0,40.0,4.0,0.0,,,4.0,14.0,14.1,9.1,,134.0,
Seneca Wallace,GNB,QB,33.0,2.0,1.0,16.0,24.0,139.0,0.0,1.0,0.0,0.0,,0.0,0.0,0.0,0.0,,0.0,,,4.0,4.0,4.6,4.6,,55.0,
Nick Williams,WAS,WR,23.0,5.0,0.0,0.0,0.0,0.0,0.0,0.0,0.0,0.0,,0.0,11.0,3.0,15.0,5.0,0.0,1.0,,4.0,7.0,6.5,5.0,,170.0,
Jonathan Baldwin,SFO,WR,24.0,7.0,1.0,0.0,0.0,0.0,0.0,0.0,0.0,0.0,,0.0,9.0,3.0,28.0,9.33,0.0,,,3.0,6.0,5.8,4.3,,177.0,
James Casey,PHI,TE,29.0,15.0,1.0,0.0,0.0,0.0,0.0,0.0,0.0,0.0,,0.0,6.0,3.0,31.0,10.33,0.0,,,3.0,6.0,6.1,4.6,,85.0,
,,,,,,,,,,,,,,,,,,,,,,,,,,,,
John Conner,NYG,RB,26.0,13.0,7.0,0.0,0.0,0.0,0.0,0.0,0.0,0.0,,0.0,11.0,6.0,31.0,5.17,0.0,,,3.0,9.0,9.1,6.1,,141.0,
Juron Criner,OAK,WR,24.0,1.0,0.0,0.0,0.0,0.0,0.0,0.0,0.0,0.0,,0.0,8.0,3.0,32.0,10.67,0.0,,,3.0,6.0,6.2,4.7,,174.0,
Dominique Davis,ATL,WR,24.0,1.0,0.0,5.0,7.0,34.0,0.0,0.0,0.0,0.0,,0.0,13.0,0.0,0.0,,0.0,,1.0,3.0,3.0,3.4,3.4,,172.0,
Skye Dawson,TAM,WR,23.0,7.0,0.0,0.0,0.0,0.0,0.0,0.0,2.0,15.0,7.5,0.0,7.0,2.0,12.0,6.0,0.0,,,3.0,5.0,4.7,3.7,,178.0,
Dorin Dickerson,DET,TE,25.0,5.0,0.0,0.0,0.0,0.0,0.0,0.0,0.0,0.0,,0.0,5.0,2.0,34.0,17.0,0.0,,,3.0,5.0,5.4,4.4,,83.0,
Larry Donnell,NYG,TE,25.0,16.0,1.0,0.0,0.0,0.0,0.0,0.0,0.0,0.0,,0.0,6.0,3.0,31.0,10.33,0.0,,,3.0,6.0,6.1,4.6,,84.0,
Bradie Ewing,ATL,RB,24.0,2.0,2.0,0.0,0.0,0.0,0.0,0.0,0.0,0.0,,0.0,2.0,2.0,29.0,14.5,0.0,,,3.0,5.0,4.9,3.9,,143.0,
Matt Hasselbeck,IND,QB,38.0,3.0,0.0,7.0,12.0,130.0,0.0,1.0,2.0,-2.0,-1.0,0.0,0.0,0.0,0.0,,0.0,,,3.0,3.0,4.0,4.0,,56.0,
Dominique Jones,2TM,TE,26.0,8.0,2.0,0.0,0.0,0.0,0.0,0.0,0.0,0.0,,0.0,3.0,2.0,34.0,17.0,0.0,,,3.0,5.0,5.4,4.4,,82.0,
Le'Ron McClain,SDG,RB,29.0,16.0,2.0,0.0,0.0,0.0,0.0,0.0,11.0,32.0,2.91,0.0,4.0,2.0,-7.0,-3.5,0.0,,,3.0,5.0,4.5,3.5,,146.0,
Collin Mooney,TEN,RB,27.0,12.0,4.0,0.0,0.0,0.0,0.0,0.0,0.0,0.0,,0.0,6.0,6.0,32.0,5.33,0.0,,,3.0,9.0,9.2,6.2,,140.0,
John Phillips,SDG,TE,26.0,15.0,6.0,0.0,0.0,0.0,0.0,0.0,0.0,0.0,,0.0,6.0,4.0,30.0,7.5,0.0,,,3.0,7.0,7.0,5.0,,86.0,
Isaac Redman,PIT,RB,29.0,3.0,1.0,0.0,0.0,0.0,0.0,0.0,10.0,12.0,1.2,0.0,5.0,4.0,14.0,3.5,0.0,,,3.0,7.0,6.6,4.6,,145.0,
Denard Robinson,JAX,WR,23.0,16.0,0.0,0.0,1.0,0.0,0.0,0.0,20.0,66.0,3.3,0.0,1.0,0.0,0.0,,0.0,,,3.0,3.0,4.6,2.6,,179.0,
Michael Robinson,SEA,RB,30.0,9.0,3.0,0.0,0.0,0.0,0.0,0.0,1.0,0.0,0.0,0.0,3.0,2.0,27.0,13.5,0.0,,,3.0,5.0,4.7,3.7,,144.0,
Brad Smith,2TM,WR,30.0,8.0,0.0,0.0,1.0,0.0,0.0,0.0,2.0,2.0,1.0,0.0,2.0,2.0,27.0,13.5,0.0,,,3.0,5.0,4.9,3.9,,176.0,
LaRod Stephens-Howling,PIT,RB,26.0,1.0,0.0,0.0,0.0,0.0,0.0,0.0,6.0,19.0,3.17,0.0,3.0,2.0,11.0,5.5,0.0,,,3.0,5.0,5.0,4.0,,142.0,
Ryan Taylor,GNB,TE,26.0,14.0,1.0,0.0,0.0,0.0,0.0,0.0,0.0,0.0,,0.0,9.0,6.0,30.0,5.0,0.0,,,3.0,9.0,9.0,6.0,,87.0,
Lamaar Thomas,JAX,WR,23.0,2.0,0.0,0.0,0.0,0.0,0.0,0.0,0.0,0.0,,0.0,3.0,2.0,31.0,15.5,0.0,,,3.0,5.0,5.1,4.1,,175.0,
Joe Webb,MIN,WR,27.0,16.0,1.0,0.0,0.0,0.0,0.0,0.0,0.0,0.0,,0.0,11.0,5.0,33.0,6.6,0.0,,,3.0,8.0,8.3,5.8,,173.0,
Billy Bajema,BAL,TE,31.0,6.0,1.0,0.0,0.0,0.0,0.0,0.0,0.0,0.0,,0.0,2.0,2.0,18.0,9.0,0.0,,,2.0,4.0,3.8,2.8,,89.0,
Matt Barkley,PHI,QB,23.0,3.0,0.0,30.0,49.0,300.0,0.0,4.0,2.0,-2.0,-1.0,0.0,0.0,0.0,0.0,,0.0,,,2.0,2.0,9.8,5.8,,58.0,
Jack Doyle,IND,TE,23.0,15.0,4.0,0.0,0.0,0.0,0.0,0.0,0.0,0.0,,0.0,7.0,5.0,19.0,3.8,0.0,,,2.0,7.0,6.9,4.4,,88.0,
Jeremy Ebert,JAX,WR,24.0,5.0,0.0,0.0,0.0,0.0,0.0,0.0,0.0,0.0,,0.0,8.0,3.0,18.0,6.0,0.0,,,2.0,5.0,4.8,3.3,,181.0,
Mike Gillislee,MIA,RB,23.0,3.0,0.0,0.0,0.0,0.0,0.0,0.0,6.0,21.0,3.5,0.0,0.0,0.0,0.0,,0.0,,,2.0,2.0,2.1,2.1,,148.0,
Ray Graham,HOU,RB,23.0,1.0,0.0,0.0,0.0,0.0,0.0,0.0,4.0,8.0,2.0,0.0,3.0,1.0,12.0,12.0,0.0,,,2.0,3.0,3.0,2.5,,149.0,
Tori Gurley,CLE,WR,26.0,3.0,0.0,0.0,0.0,0.0,0.0,0.0,0.0,0.0,,0.0,3.0,1.0,15.0,15.0,0.0,,,2.0,3.0,2.5,2.0,,184.0,
Chad Hall,KAN,WR,27.0,9.0,0.0,0.0,0.0,0.0,0.0,0.0,0.0,0.0,,0.0,7.0,2.0,20.0,10.0,0.0,,,2.0,4.0,4.0,3.0,,180.0,
Percy Harvin,SEA,WR,25.0,1.0,0.0,0.0,0.0,0.0,0.0,0.0,0.0,0.0,,0.0,1.0,1.0,17.0,17.0,0.0,,,2.0,3.0,2.7,2.2,,182.0,
Josh Johnson,CIN,QB,27.0,2.0,0.0,0.0,0.0,0.0,0.0,0.0,7.0,20.0,2.86,0.0,0.0,0.0,0.0,,0.0,,,2.0,2.0,2.0,2.0,,57.0,
,,,,,,,,,,,,,,,,,,,,,,,,,,,,
Kassim Osgood,SFO,WR,33.0,14.0,0.0,0.0,0.0,0.0,0.0,0.0,0.0,0.0,,0.0,1.0,1.0,17.0,17.0,0.0,,,2.0,3.0,8.7,8.2,,183.0,
Cedric Peerman,CIN,RB,27.0,16.0,0.0,0.0,0.0,0.0,0.0,0.0,8.0,17.0,2.13,0.0,0.0,0.0,0.0,,0.0,,,2.0,2.0,1.7,1.7,,150.0,
Bernard Scott,BAL,RB,29.0,2.0,0.0,0.0,0.0,0.0,0.0,0.0,4.0,14.0,3.5,0.0,2.0,2.0,10.0,5.0,0.0,,,2.0,4.0,4.4,3.4,,147.0,
Kory Sperry,ARI,TE,28.0,8.0,2.0,0.0,0.0,0.0,0.0,0.0,0.0,0.0,,0.0,1.0,1.0,16.0,16.0,0.0,,,2.0,3.0,2.6,2.1,,90.0,
Joe Banyard,MIN,RB,25.0,3.0,0.0,0.0,0.0,0.0,0.0,0.0,0.0,0.0,,0.0,1.0,1.0,11.0,11.0,0.0,,,1.0,2.0,2.1,1.6,,152.0,
Kenjon Barner,CAR,RB,23.0,8.0,0.0,0.0,0.0,0.0,0.0,0.0,6.0,7.0,1.17,0.0,3.0,2.0,7.0,3.5,0.0,,,1.0,3.0,3.4,2.4,,151.0,
Orson Charles,CIN,RB,22.0,13.0,0.0,0.0,0.0,0.0,0.0,0.0,0.0,0.0,,0.0,2.0,1.0,8.0,8.0,0.0,,,1.0,2.0,1.8,1.3,,156.0,
Kevin Cone,ATL,WR,25.0,16.0,0.0,0.0,0.0,0.0,0.0,0.0,0.0,0.0,,0.0,1.0,1.0,12.0,12.0,0.0,,,1.0,2.0,2.2,1.7,,188.0,
Marcus Easley,BUF,WR,26.0,16.0,0.0,0.0,0.0,0.0,0.0,0.0,0.0,0.0,,0.0,5.0,2.0,13.0,6.5,0.0,,,1.0,3.0,3.3,2.3,,185.0,
Armanti Edwards,2TM,WR,25.0,6.0,0.0,0.0,0.0,0.0,0.0,0.0,1.0,0.0,0.0,0.0,5.0,1.0,10.0,10.0,0.0,,,1.0,2.0,2.0,1.5,,189.0,
Robert Hughes,2TM,RB,24.0,2.0,0.0,0.0,0.0,0.0,0.0,0.0,0.0,0.0,,0.0,2.0,1.0,6.0,6.0,0.0,,,1.0,2.0,1.6,1.1,,159.0,
Henry Hynoski,NYG,TE,25.0,3.0,2.0,0.0,0.0,0.0,0.0,0.0,0.0,0.0,,0.0,2.0,1.0,5.0,5.0,0.0,,,1.0,2.0,1.5,1.0,,94.0,
Mikel Leshoure,DET,RB,23.0,3.0,0.0,0.0,0.0,0.0,0.0,0.0,2.0,9.0,4.5,0.0,0.0,0.0,0.0,,0.0,,,1.0,1.0,0.9,0.9,,155.0,
Zach Line,MIN,RB,23.0,3.0,1.0,0.0,0.0,0.0,0.0,0.0,0.0,0.0,,0.0,3.0,1.0,8.0,8.0,0.0,,,1.0,2.0,1.8,1.3,,157.0,
Mike McNeill,STL,TE,25.0,14.0,0.0,0.0,0.0,0.0,0.0,0.0,0.0,0.0,,0.0,1.0,1.0,5.0,5.0,0.0,,,1.0,2.0,1.5,1.0,,95.0,
Ben Obomanu,NYJ,WR,30.0,3.0,0.0,0.0,0.0,0.0,0.0,0.0,0.0,0.0,,0.0,1.0,1.0,8.0,8.0,0.0,,,1.0,2.0,1.8,1.3,,190.0,
Michael Palmer,PIT,TE,25.0,16.0,0.0,0.0,0.0,0.0,0.0,0.0,0.0,0.0,,0.0,1.0,1.0,8.0,8.0,0.0,,,1.0,2.0,1.8,1.3,,92.0,
Konrad Reuland,NYJ,TE,26.0,10.0,0.0,0.0,0.0,0.0,0.0,0.0,0.0,0.0,,0.0,3.0,1.0,7.0,7.0,0.0,,,1.0,2.0,1.7,1.2,,93.0,
Dante Rosario,CHI,TE,29.0,15.0,3.0,0.0,0.0,0.0,0.0,0.0,0.0,0.0,,0.0,4.0,1.0,13.0,13.0,0.0,,,1.0,2.0,2.3,1.8,,91.0,
Armond Smith,CAR,RB,27.0,5.0,0.0,0.0,0.0,0.0,0.0,0.0,4.0,5.0,1.25,0.0,0.0,0.0,0.0,,0.0,,,1.0,1.0,0.5,0.5,,160.0,
Craig Stevens,TEN,TE,29.0,15.0,14.0,0.0,0.0,0.0,0.0,0.0,0.0,0.0,,0.0,6.0,2.0,5.0,2.5,0.0,,,1.0,3.0,2.5,1.5,,96.0,
Brandon Tate,CIN,WR,26.0,16.0,0.0,0.0,0.0,0.0,0.0,0.0,0.0,0.0,,0.0,2.0,1.0,6.0,6.0,0.0,,,1.0,2.0,1.6,1.1,,192.0,
Brian Tyms,CLE,WR,24.0,7.0,0.0,0.0,0.0,0.0,0.0,0.0,0.0,0.0,,0.0,5.0,2.0,12.0,6.0,0.0,,,1.0,3.0,3.2,2.2,,187.0,
Spencer Ware,SEA,RB,22.0,2.0,0.0,0.0,0.0,0.0,0.0,0.0,3.0,10.0,3.33,0.0,0.0,0.0,0.0,,0.0,,,1.0,1.0,1.0,1.0,,153.0,
Eric Weems,CHI,WR,28.0,16.0,0.0,0.0,0.0,0.0,0.0,0.0,0.0,0.0,,0.0,2.0,1.0,8.0,8.0,0.0,,,1.0,2.0,1.8,1.3,,191.0,
Marquess Wilson,CHI,WR,21.0,10.0,1.0,0.0,0.0,0.0,0.0,0.0,0.0,0.0,,0.0,3.0,2.0,13.0,6.5,0.0,,,1.0,3.0,3.3,2.3,,186.0,
Ronnie Wingo,BUF,RB,22.0,2.0,0.0,0.0,0.0,0.0,0.0,0.0,1.0,4.0,4.0,0.0,1.0,1.0,2.0,2.0,0.0,,,1.0,2.0,1.6,1.1,,158.0,
Cierre Wood,2TM,RB,22.0,5.0,0.0,0.0,0.0,0.0,0.0,0.0,3.0,9.0,3.0,0.0,0.0,0.0,0.0,,0.0,,,1.0,1.0,0.9,0.9,,154.0,
T.J. Yates,HOU,QB,26.0,3.0,0.0,15.0,22.0,113.0,0.0,2.0,1.0,0.0,0.0,0.0,0.0,0.0,0.0,,0.0,,,1.0,1.0,2.5,2.5,,59.0,
Derek Anderson,CAR,QB,30.0,4.0,0.0,0.0,0.0,0.0,0.0,0.0,5.0,0.0,0.0,0.0,0.0,0.0,0.0,,0.0,,,,,,,,60.0,
,,,,,,,,,,,,,,,,,,,,,,,,,,,,
Joe Anderson,CHI,,25.0,6.0,0.0,0.0,0.0,0.0,0.0,0.0,0.0,0.0,,0.0,1.0,0.0,0.0,,0.0,,,,,,,,195.0,
Josh Bellamy,WAS,,24.0,5.0,0.0,0.0,0.0,0.0,0.0,0.0,0.0,0.0,,0.0,,0.0,0.0,,0.0,,,,,,,,212.0,
Kahlil Bell,GNB,,27.0,3.0,0.0,0.0,0.0,0.0,0.0,0.0,0.0,0.0,,0.0,,0.0,0.0,,0.0,,,,,,,,173.0,
Allen Bradford,2TM,,25.0,10.0,0.0,0.0,0.0,0.0,0.0,0.0,0.0,0.0,,0.0,,0.0,0.0,,0.0,,,,,,,,167.0,
Rex Burkhead,CIN,,23.0,1.0,0.0,0.0,0.0,0.0,0.0,0.0,0.0,0.0,,0.0,,0.0,0.0,,0.0,,,,,,,,170.0,
Jake Byrne,2TM,,23.0,8.0,0.0,0.0,0.0,0.0,0.0,0.0,0.0,0.0,,0.0,0.0,0.0,0.0,,0.0,,,,,,,,116.0,
Derek Carrier,SFO,,23.0,5.0,0.0,0.0,0.0,0.0,0.0,0.0,0.0,0.0,,0.0,,0.0,0.0,,0.0,,,,,,,,198.0,
Delone Carter,JAX,,26.0,1.0,0.0,0.0,0.0,0.0,0.0,0.0,0.0,0.0,,0.0,,0.0,0.0,,0.0,,,,,,,,164.0,
Chase Coffman,ATL,,27.0,11.0,0.0,0.0,0.0,0.0,0.0,0.0,0.0,0.0,,0.0,2.0,0.0,0.0,,0.0,,,,,,,,107.0,
B.J. Cunningham,PHI,,24.0,2.0,0.0,0.0,0.0,0.0,0.0,0.0,0.0,0.0,,0.0,,0.0,0.0,,0.0,,,,,,,,205.0,
Justice Cunningham,2TM,TE,22.0,2.0,0.0,0.0,0.0,0.0,0.0,0.0,0.0,0.0,,0.0,1.0,1.0,4.0,4.0,0.0,,,,1.0,1.4,0.9,,97.0,
Shaun Draughn,BAL,RB,26.0,3.0,0.0,0.0,0.0,0.0,0.0,0.0,4.0,2.0,0.5,0.0,0.0,0.0,0.0,,0.0,,,,,0.2,0.2,,162.0,
Michael Ford,CHI,,23.0,12.0,0.0,0.0,0.0,0.0,0.0,0.0,0.0,0.0,,0.0,,0.0,0.0,,0.0,,,,,,,,169.0,
Richard Gordon,KAN,TE,26.0,2.0,0.0,0.0,0.0,0.0,0.0,0.0,0.0,0.0,,0.0,1.0,1.0,3.0,3.0,0.0,,,,1.0,1.3,0.8,,98.0,
Saalim Hakim,NYJ,WR,23.0,3.0,0.0,0.0,0.0,0.0,0.0,0.0,2.0,-3.0,-1.5,0.0,1.0,0.0,0.0,,0.0,,,,,-0.3,-0.3,,215.0,
Chris Harper,GNB,,24.0,4.0,0.0,0.0,0.0,0.0,0.0,0.0,0.0,0.0,,0.0,,0.0,0.0,,0.0,,,,,,,,202.0,
Clark Harris,CIN,,29.0,16.0,0.0,0.0,0.0,0.0,0.0,0.0,0.0,0.0,,0.0,,0.0,0.0,,0.0,,,,,,,,109.0,
Ben Hartsock,CAR,,33.0,13.0,2.0,0.0,0.0,0.0,0.0,0.0,0.0,0.0,,0.0,0.0,0.0,0.0,,0.0,,,,,,,,101.0,
Lavelle Hawkins,SDG,,27.0,4.0,0.0,0.0,0.0,0.0,0.0,0.0,0.0,0.0,,0.0,,0.0,0.0,,0.0,,,,,,,,197.0,
Shaun Hill,DET,QB,33.0,1.0,0.0,0.0,0.0,0.0,0.0,0.0,2.0,-2.0,-1.0,0.0,0.0,0.0,0.0,,0.0,,,,,-0.2,-0.2,,64.0,
D.C. Jefferson,ARI,,24.0,4.0,0.0,0.0,0.0,0.0,0.0,0.0,0.0,0.0,,0.0,,0.0,0.0,,0.0,,,,,,,,113.0,
Quinn Johnson,TEN,,27.0,4.0,0.0,0.0,0.0,0.0,0.0,0.0,0.0,0.0,,0.0,1.0,0.0,0.0,,0.0,,,,,,,,166.0,
Landry Jones,PIT,,24.0,1.0,0.0,0.0,0.0,0.0,0.0,0.0,0.0,0.0,,0.0,,0.0,0.0,,0.0,,,,,,,,61.0,
Travis Kelce,KAN,,24.0,1.0,0.0,0.0,0.0,0.0,0.0,0.0,0.0,0.0,,0.0,,0.0,0.0,,0.0,,,,,,,,110.0,
Mike Leach,ARI,,37.0,16.0,0.0,0.0,0.0,0.0,0.0,0.0,0.0,0.0,,0.0,,0.0,0.0,,0.0,,,,,,,,115.0,
Lance Lewis,WAS,,25.0,3.0,0.0,0.0,0.0,0.0,0.0,0.0,0.0,0.0,,0.0,,0.0,0.0,,0.0,,,,,,,,204.0,
Elbert Mack,HOU,,27.0,8.0,0.0,0.0,0.0,0.0,0.0,0.0,0.0,0.0,,0.0,0.0,0.0,0.0,,0.0,,,,,,,,207.0,
Colt McCoy,SFO,QB,27.0,4.0,0.0,1.0,1.0,13.0,0.0,0.0,6.0,-6.0,-1.0,0.0,0.0,0.0,0.0,,0.0,,,,,-0.1,-0.1,,63.0,
Luke McCown,NOR,QB,32.0,16.0,0.0,0.0,1.0,0.0,0.0,0.0,3.0,-4.0,-1.33,0.0,0.0,0.0,0.0,,0.0,,,,,-0.4,-0.4,,65.0,
Marvin McNutt,CAR,,24.0,1.0,0.0,0.0,0.0,0.0,0.0,0.0,0.0,0.0,,0.0,1.0,0.0,0.0,,0.0,,,,,,,,211.0,
,,,,,,,,,,,,,,,,,,,,,,,,,,,,
Keavon Milton,CLE,,23.0,8.0,0.0,0.0,0.0,0.0,0.0,0.0,0.0,0.0,,0.0,,0.0,0.0,,0.0,,,,,,,,103.0,
Tony Moeaki,BUF,,26.0,2.0,0.0,0.0,0.0,0.0,0.0,0.0,0.0,0.0,,0.0,,0.0,0.0,,0.0,,,,,,,,112.0,
Dan Orlovsky,TAM,,30.0,2.0,0.0,0.0,0.0,0.0,0.0,0.0,0.0,0.0,,0.0,,0.0,0.0,,0.0,,,,,,,,62.0,
Montell Owens,DET,,29.0,1.0,0.0,0.0,0.0,0.0,0.0,0.0,0.0,0.0,,0.0,,0.0,0.0,,0.0,,,,,,,,168.0,
Tobais Palmer,JAX,,23.0,1.0,0.0,0.0,0.0,0.0,0.0,0.0,0.0,0.0,,0.0,,0.0,0.0,,0.0,,,,,,,,210.0,
Chris Rainey,IND,,25.0,2.0,0.0,0.0,0.0,0.0,0.0,0.0,0.0,0.0,,0.0,1.0,0.0,0.0,,0.0,,,,,,,,165.0,
David Reed,IND,WR,26.0,7.0,0.0,0.0,0.0,0.0,0.0,0.0,0.0,0.0,,0.0,3.0,1.0,2.0,2.0,0.0,,,,1.0,1.2,0.7,,193.0,
Adrien Robinson,NYG,,25.0,1.0,0.0,0.0,0.0,0.0,0.0,0.0,0.0,0.0,,0.0,,0.0,0.0,,0.0,,,,,,,,108.0,
Brian Robiskie,ATL,,26.0,1.0,0.0,0.0,0.0,0.0,0.0,0.0,0.0,0.0,,0.0,1.0,0.0,0.0,,0.0,,,,,,,,203.0,
Evan Rodriguez,BUF,,25.0,7.0,0.0,0.0,0.0,0.0,0.0,0.0,0.0,0.0,,0.0,1.0,0.0,0.0,,0.0,,,,,,,,117.0,
Evan Royster,WAS,RB,26.0,10.0,0.0,0.0,0.0,0.0,0.0,0.0,2.0,0.0,0.0,0.0,1.0,1.0,3.0,3.0,0.0,,,,1.0,1.3,0.8,,161.0,
Russell Shepard,TAM,,23.0,14.0,0.0,0.0,0.0,0.0,0.0,0.0,0.0,0.0,,0.0,0.0,0.0,0.0,,0.0,,,,,,,,208.0,
Visanthe Shiancoe,TEN,TE,33.0,1.0,1.0,0.0,0.0,0.0,0.0,0.0,0.0,0.0,,0.0,2.0,2.0,2.0,1.0,0.0,,,,2.0,2.2,1.2,,99.0,
Matt Slater,NWE,,28.0,12.0,0.0,0.0,0.0,0.0,0.0,0.0,0.0,0.0,,0.0,,0.0,0.0,,0.0,,,,,,,,200.0,
Brad Smelley,HOU,,24.0,2.0,0.0,0.0,0.0,0.0,0.0,0.0,0.0,0.0,,0.0,,0.0,0.0,,0.0,,,,,,,,114.0,
Rodney Smith,MIN,,23.0,4.0,0.0,0.0,0.0,0.0,0.0,0.0,0.0,0.0,,0.0,0.0,0.0,0.0,,0.0,,,,,,,,213.0,
Nate Solder,NWE,,25.0,15.0,15.0,0.0,0.0,0.0,0.0,0.0,0.0,0.0,,0.0,1.0,0.0,0.0,,0.0,,,,,,,,100.0,
Ryan Spadola,2TM,,22.0,4.0,0.0,0.0,0.0,0.0,0.0,0.0,0.0,0.0,,0.0,1.0,0.0,0.0,,0.0,,,,,,,,209.0,
Micheal Spurlock,2TM,,30.0,11.0,0.0,0.0,0.0,0.0,0.0,0.0,0.0,0.0,,0.0,0.0,0.0,0.0,,0.0,,,,,,,,196.0,
Luke Stocker,TAM,,25.0,2.0,2.0,0.0,0.0,0.0,0.0,0.0,0.0,0.0,,0.0,,0.0,0.0,,0.0,,,,,,,,118.0,
Jake Stoneburner,GNB,,24.0,9.0,0.0,0.0,0.0,0.0,0.0,0.0,0.0,0.0,,0.0,0.0,0.0,0.0,,0.0,,,,,,,,105.0,
Phillip Supernaw,HOU,,23.0,1.0,0.0,0.0,0.0,0.0,0.0,0.0,0.0,0.0,,0.0,,0.0,0.0,,0.0,,,,,,,,102.0,
Julian Talley,NYG,,24.0,2.0,0.0,0.0,0.0,0.0,0.0,0.0,0.0,0.0,,0.0,2.0,0.0,0.0,,0.0,,,,,,,,206.0,
Chris Thompson,WAS,,23.0,4.0,0.0,0.0,0.0,0.0,0.0,0.0,0.0,0.0,,0.0,0.0,0.0,0.0,,0.0,,,,,,,,172.0,
Matthew Tucker,PHI,,22.0,2.0,0.0,0.0,0.0,0.0,0.0,0.0,0.0,0.0,,0.0,,0.0,0.0,,0.0,,,,,,,,174.0,
Josh Vaughan,ATL,RB,27.0,6.0,0.0,0.0,0.0,0.0,0.0,0.0,1.0,1.0,1.0,0.0,1.0,1.0,-5.0,-5.0,0.0,,,,1.0,0.6,0.1,,175.0,
Matt Veldman,DET,,25.0,1.0,0.0,0.0,0.0,0.0,0.0,0.0,0.0,0.0,,0.0,,0.0,0.0,,0.0,,,,,,,,104.0,
Justin Veltung,STL,,22.0,3.0,0.0,0.0,0.0,0.0,0.0,0.0,0.0,0.0,,0.0,0.0,0.0,0.0,,0.0,,,,,,,,214.0,
Leon Washington,2TM,RB,31.0,7.0,0.0,0.0,0.0,0.0,0.0,0.0,1.0,1.0,1.0,0.0,1.0,0.0,0.0,,0.0,,,,,0.1,0.1,,163.0,
Ryan Whalen,CIN,,24.0,4.0,0.0,0.0,0.0,0.0,0.0,0.0,0.0,0.0,,0.0,,0.0,0.0,,0.0,,,,,,,,199.0,
,,,,,,,,,,,,,,,,,,,,,,,,,,,,
Brandon Williams,CAR,,26.0,9.0,0.0,0.0,0.0,0.0,0.0,0.0,0.0,0.0,,0.0,,0.0,0.0,,0.0,,,,,,,,111.0,
Kerwynn Williams,2TM,,22.0,2.0,0.0,0.0,0.0,0.0,0.0,0.0,0.0,0.0,,0.0,,0.0,0.0,,0.0,,,,,,,,171.0,
Stephen Williams,2TM,,27.0,6.0,0.0,0.0,0.0,0.0,0.0,0.0,0.0,0.0,,0.0,4.0,0.0,0.0,,0.0,,,,,,,,201.0,
George Wilson,TEN,,32.0,16.0,3.0,0.0,0.0,0.0,0.0,0.0,0.0,0.0,,0.0,0.0,0.0,0.0,,0.0,,,,,,,,194.0,
Will Yeatman,MIA,,25.0,8.0,0.0,0.0,0.0,0.0,0.0,0.0,0.0,0.0,,0.0,,0.0,0.0,,0.0,,,,,,,,106.0,
Richie Brockel,CAR,TE,27.0,16.0,0.0,0.0,0.0,0.0,0.0,0.0,1.0,1.0,1.0,0.0,1.0,1.0,12.0,12.0,0.0,,,-1.0,,1.3,-0.2,,119.0,
Damaris Johnson,PHI,WR,24.0,13.0,0.0,0.0,0.0,0.0,0.0,0.0,0.0,0.0,,0.0,3.0,2.0,14.0,7.0,0.0,,,-1.0,1.0,2.4,0.4,,216.0,
Charlie Whitehurst,SDG,QB,31.0,2.0,0.0,0.0,0.0,0.0,0.0,0.0,6.0,-5.0,-0.83,0.0,0.0,0.0,0.0,,0.0,,,-1.0,-1.0,-0.5,-0.5,,66.0,
Tyler Clutts,2TM,RB,29.0,8.0,0.0,0.0,0.0,0.0,0.0,0.0,0.0,0.0,,0.0,2.0,1.0,4.0,4.0,0.0,,,-2.0,-1.0,0.4,-1.1,,176.0,
Greg Jenkins,OAK,,24.0,6.0,0.0,0.0,0.0,0.0,0.0,0.0,0.0,0.0,,0.0,1.0,0.0,0.0,,0.0,,,-2.0,-2.0,5.0,4.0,,217.0,
Matt Moore,MIA,QB,29.0,1.0,0.0,2.0,6.0,53.0,0.0,2.0,0.0,0.0,,0.0,0.0,0.0,0.0,,0.0,,,-2.0,-2.0,0.1,0.1,,67.0,
Curtis Painter,NYG,QB,28.0,3.0,0.0,8.0,16.0,57.0,0.0,2.0,3.0,-2.0,-0.67,0.0,0.0,0.0,0.0,,0.0,,,-2.0,-2.0,0.1,0.1,,68.0,
Darius Reynaud,2TM,RB,29.0,9.0,0.0,0.0,0.0,0.0,0.0,0.0,1.0,0.0,0.0,0.0,2.0,1.0,4.0,4.0,0.0,,,-2.0,-1.0,0.4,-1.1,,177.0,
Devon Wylie,TEN,,25.0,2.0,0.0,0.0,0.0,0.0,0.0,0.0,0.0,0.0,,0.0,,0.0,0.0,,0.0,,,-2.0,-2.0,-1.0,-2.0,,218.0,
Trindon Holliday,DEN,WR,27.0,15.0,0.0,0.0,0.0,0.0,0.0,0.0,1.0,7.0,7.0,0.0,0.0,0.0,0.0,,0.0,,,-3.0,-3.0,10.7,8.7,,219.0,
